Feature_1,Feature_2,Feature_3,Feature_4,Feature_5
0.11948800641091162,0.6682593374971053,0.11520779209395415,0.7668629040387678,0.08889300003584177
0.01822296245556787,0.8145416375712531,0.2949836249401575,0.6719987305016853,0.39861045517698923
0.9981201797034495,0.3686921582058369,0.8163698454516017,0.490445749946689,0.8691406007952919
0.25080085375335115,0.9865814336916123,0.07393100761792881,0.5565422077205964,0.14593744511406914
0.10994478074099046,0.3420363314577969,0.9597974580185477,0.3188419048890304,0.9251175202619066
0.7669071833807282,0.8706537016049132,0.983753727293688,0.3008379200870428,0.1262956101147119
0.6207881956686923,0.19153898062037733,0.5129627071071141,0.7751097612123361,0.15545222743502807
0.1376248692055263,0.7272595259861443,0.9927057035887704,0.8295435094000689,0.7640099456747691
0.387959357470967,0.05565123532705851,0.25750923676473036,0.3292281968317966,0.702572119268761
0.5645702470910623,0.8117334606552147,0.936246764755715,0.8713051248500308,0.8402196743058525
0.6690599829119469,0.9196814079039174,0.1645291349361666,0.32572701950133365,0.7742269723128195
0.8460889055605514,0.5620271930102295,0.7169469643917271,0.2746157555521459,0.9801429877727633
0.33278569380274303,0.08033266633048497,0.7038989166481322,0.3868440717674748,0.5228665661975213
0.39741799324187,0.07709137548890266,0.8582014669114109,0.25548948204852373,0.664139822214542
0.10785737362704517,0.7621562462728159,0.21308493956978303,0.835126310183849,0.586397034513397
0.16723738411179623,0.15587433361045944,0.4366461221246283,0.4061741678924985,0.7977297111176318
0.774253849347665,0.5266266881116908,0.16853870796876702,0.5332473024865323,0.6051131571407014
0.35429004855753177,0.35898460754873607,0.7656816099065354,0.16195657825142085,0.34698460565781897
0.0479505863771752,0.054072227208800894,0.32621020960865266,0.23046842586065353,0.6885908777289691
0.12007223738771766,0.8316200272502533,0.3526141856057383,0.2690509170743056,0.6658920280069508
0.4252862982991291,0.01591499670926455,0.027607846801140257,0.014387759090382923,0.5866820389614776
0.06692333577664589,0.3574113233824322,0.8686502300290762,0.2940377177755795,0.8811107559949892
0.8058078893156243,0.9663671025193797,0.7014590065835314,0.954557530124846,0.23522312447160576
0.1255631342200636,0.6528854534080722,0.5610266791459257,0.8694798520354486,0.05243627985103183
0.8678679209002924,0.3282962934131427,0.3779025288232195,0.08771429948984566,0.13362856014171431
0.7301541824157827,0.749034630059755,0.5413547685659321,0.25688977732086193,0.6276638617489534
0.33506765824842477,0.19388213319325387,0.4542371028826706,0.019397619508957575,0.6682496749725129
0.6275987014712542,0.864764270161858,0.1272682300281106,0.9195686536444155,0.22347208811509445
0.2969551790958611,0.7889434599197437,0.9257748113823187,0.9699667010925703,0.5476880499651039
0.34612106798022824,0.3019025124297755,0.6322416085961235,0.6156785354085257,0.6253719532567962
0.43974404553138724,0.9002719967763743,0.8324833734288969,0.3086725981406069,0.1923881674969199
0.009268842729149074,0.16870826286187623,0.12250820594779499,0.0019335817049708215,0.41341462713602173
0.2782798907794738,0.1597869432810276,0.3053632035814674,0.49339817572092726,0.7569365699640427
0.8012764551705751,0.321894359847378,0.5104445805775685,0.7971272930275562,0.16856918336650817
0.1830348046199377,0.9967418110217211,0.20541990382944975,0.6157237629351525,0.15121545178929874
0.6518487457915522,0.35530089921824914,0.9085875569043047,0.5371328133671472,0.7433629789114936
0.9403046209922383,0.8626128445165703,0.37582337386001785,0.8909505364120196,0.3763386326046866
0.009443890341482741,0.6605469858251499,0.8897270815215701,0.0009151694074162053,0.1628613650551769
0.45837430135311974,0.27782368152791104,0.4981963375699562,0.10964072400144076,0.012482541021209714
0.8806404315946057,0.5774623783417857,0.5705109531565634,0.9045821021200768,0.28093697516975624
0.5247688027112459,0.1771124135963017,0.790652462188768,0.7479192581871678,0.3311686454627514
0.09910090786934511,0.20515470327187257,0.6201920591779125,0.6237362043719201,0.6892843220936458
0.8566680892687676,0.9169391367054274,0.06215281089451252,0.433447544358848,0.4639209716884344
0.6424647938528352,0.3522686524419918,0.25551939796730705,0.19337465663436482,0.16276284372535488
0.14253722144871706,0.6209958945918557,0.35351355834845144,0.45971673757188614,0.37736119608539986
0.4506466156899651,0.2040752842340976,0.8984581873609525,0.9906616270464341,0.17197849845378765
0.08362734984576736,0.6127102377007134,0.7471279928572003,0.2149092011831113,0.41965440889157213
0.9856787638349567,0.011033688304296296,0.29911758191409255,0.9435201148934019,0.35695772408343485
0.44974700983298166,0.8802378960894176,0.6200152803496954,0.08259896153852375,0.06853327840504486
0.11256548059098759,0.012137847377211686,0.038139664027914355,0.3719877177165696,0.5584939556030788
0.2051717291334587,0.2979490477456085,0.4839654203971022,0.37742790386607183,0.5563974226693804
0.3626619809782301,0.7420966020682944,0.43718188162161753,0.26277469140595033,0.190178602902231
0.2693349671075753,0.0894571672213772,0.02951732145909791,0.4790178502555341,0.5995660317541686
0.31931061089033763,0.42301647771486073,0.9240339061617332,0.3765170474851919,0.7115184451224829
0.6369846216094611,0.33581118464646786,0.5765768182128534,0.36584985853967145,0.11173112888466252
0.43607701668756216,0.4345862086996266,0.26444154544396414,0.23821164185850807,0.2952780274031471
0.7058730620961079,0.2898505499983297,0.3898445902782479,0.04960293195721033,0.43237952952861947
0.5019476857481344,0.4735500818122047,0.31560870883072734,0.7729507648698587,0.10920548405727315
0.7370752201848478,0.3633214107316155,0.7191373307089082,0.20004079750936477,0.2773784737205971
0.32456728624045783,0.4179298646850318,0.33767101633977914,0.7510344349499979,0.191410330731679
0.9753622334101836,0.6686311139753507,0.5803222732626885,0.13392059181344595,0.22293617228697882
0.07095227742028609,0.24380540877096912,0.96600238069535,0.6386148652084241,0.9450191744798806
0.45536814491061184,0.67382125592265,0.5816385380831349,0.7200040675715793,0.7415198138636402
0.06723839748363458,0.22981306448037342,0.07901793158266968,0.6526295309171195,0.06924086397806539
0.8455155378405103,0.1118875574050342,0.6760304348985748,0.11480542981973385,0.25548193344812087
0.9946297342872656,0.744022784177187,0.8348105970663978,0.41212602097835593,0.8566719529390937
0.9301704083732213,0.41391652150210334,0.9045498211904981,0.502500153879865,0.08123188509262702
0.7889979042656421,0.5319615993101079,0.6740122098065928,0.6550046002215634,0.9676851618192028
0.915728294615088,0.0943433664380331,0.9109117674550464,0.6879189727652961,0.03107057375320843
0.4861676225860949,0.5108442075214684,0.4462655551165643,0.5787566256418784,0.1880322814090738
0.060535579457724364,0.40411868780728566,0.5043135209322539,0.5139896275514562,0.5414572842137274
0.487248475249489,0.4749745112995861,0.41149966192478304,0.6627797723300898,0.4316601921927876
0.8161872456158077,0.7709367688504215,0.5566102806579053,0.15674572131655462,0.6569539611672269
0.791616381696843,0.6420184310512103,0.5462857659682173,0.8303562913378331,0.25469375613620115
0.29005136692269273,0.9734497979093906,0.7725340510100259,0.8281987553865309,0.010479071366321535
0.7347578694414325,0.392296313201118,0.9726244009709922,0.17316168351729866,0.3108776397378866
0.5433768242865668,0.5030587071580891,0.13346130430965386,0.03456836211618508,0.800314362581653
0.26500773866606975,0.981968473796411,0.557605649042191,0.258438408578196,0.9931488278368125
0.4087554978839868,0.7905337316080937,0.9313866677439487,0.39819844349614253,0.8125859817674219
0.49797466891022024,0.7849531792990437,0.10947180275156954,0.5756805929326401,0.6516312052384159
0.12573883670118224,0.33991092983567894,0.03463438909889327,0.7917214117036582,0.3074719267918399
0.7100935325388205,0.9759546671114787,0.15743362321113796,0.2453408979680013,0.5395239808853868
0.6163365030692531,0.5190117397523109,0.2075753416145233,0.5033474765861514,0.5056343728604299
0.23313668255449482,0.9265769230014249,0.9114539916331772,0.900946196800929,0.5571811432565642
0.06493935216989477,0.14369881587241262,0.9163202349129842,0.605101480938032,0.697110969923244
0.635042801144244,0.9005134566906436,0.6160570091336292,0.9288112559625062,0.6501100637445838
0.6643741163331648,0.7366465033888699,0.005277321311107919,0.060673238153470366,0.6654274154815932
0.5855845617757472,0.8760507509041109,0.05789042670836253,0.036339802165408,0.694864941219509
0.6260306273639487,0.4665800973119675,0.7936531933330593,0.8441265466002535,0.604360350808902
0.3145848055621505,0.4233439744131382,0.6209733551597454,0.19118736701597627,0.728823093179617
0.23092218887413807,0.24707383980319397,0.7121869629612704,0.9590403707581969,0.21548640482356451
0.983581897076562,0.8236929738236975,0.18299844463564763,0.037891231585584495,0.5706611289625423
0.08035396807719408,0.32733946331666586,0.49291163055854936,0.7045132338920855,0.19257635132627515
0.4980794624813265,0.7898660988232961,0.7009437123277724,0.5480233709938278,0.07384951521222016
0.404627196913109,0.7472916796311503,0.05835932296255497,0.6229727594490184,0.29205015709650184
0.11494890265620217,0.5163310825995275,0.26038056662462405,0.27635470282966534,0.5689035974367831
0.8549602265952321,0.38787897843165775,0.27097295017212886,0.6648795841543417,0.8342175317449444
0.16826321674290556,0.276445582907748,0.558768717882099,0.7277321369233702,0.8759855720656731
0.3570551283592651,0.799419360078779,0.6781514125150212,0.9858750451169034,0.8610098641701174
0.7946098436611134,0.42176144990652753,0.5127238235447668,0.7377380566129432,0.7884667244136243
0.45646788508615266,0.3719493192887031,0.14633719046508675,0.03668301396350271,0.8278712798678974
0.8562812322501913,0.003724218368163612,0.31213152042452974,0.8592438641889464,0.30875907158475935
0.8745507859359241,0.3614611439610672,0.3776319054355948,0.42193363348544044,0.9942060132118626
0.0678946621721549,0.2407151163035438,0.44776718182508046,0.9562417868862367,0.6865548542470508
0.8767841628718519,0.0916754238437898,0.6208696655436363,0.862658764217431,0.46426016140426374
0.9949196269449162,0.0008565858409681493,0.9437807146640617,0.34003459144696935,0.18767892160879296
0.39843610641150506,0.2769995530730698,0.3282797903016468,0.5866032334148018,0.5972689386726819
0.07013395872430062,0.7171853267684981,0.03185216352517328,0.9911993565662476,0.2550464644479489
0.03430001471861077,0.018379154668577646,0.8423212481782779,0.5409369454661616,0.3666544970809168
0.8096843737557885,0.5865897767470328,0.5901986752129713,0.8214005903878349,0.9824901336989559
0.41153353291517736,0.930537363404469,0.9859808287541592,0.6506040602220613,0.06146293840820638
0.7344761892842495,0.9987132286168839,0.05878510104272128,0.07931343936982649,0.7329972483853139
0.7601162295474814,0.5647043105675413,0.3899314051485596,0.19626712458127094,0.19253348468269837
0.5198852022417648,0.9985720366814278,0.05483337295762791,0.7543345226800019,0.9723216969700029
0.8455530732432582,0.6962300200740659,0.8684052933504023,0.25596759842059413,0.46459591288721114
0.4965907481600692,0.08026464947358658,0.6091983093538745,0.6044550367984003,0.3744008283225011
0.790017198640128,0.4257821476517414,0.7966412422715008,0.4814183117686668,0.6742087961770364
0.10779430289372516,0.4057577916143872,0.9813400004188962,0.8048716772732115,0.6596186983591017
0.004314000045123834,0.049301619301172606,0.5996134637156512,0.3414422373350847,0.16915979089057365
0.2612103392118682,0.8343732035676118,0.06473350781549203,0.1616150926005373,0.20772376154784222
0.6981930279250115,0.9823972967189407,0.1970922058104585,0.019775326310581987,0.6276431823499721
0.7976882025766425,0.7239629220566212,0.25560395242824296,0.49640072550251546,0.38997843586613257
0.07568236586712873,0.6010131969350033,0.33561509275370227,0.22701533835260812,0.694010342555264
0.6952525179346609,0.19917940715453597,0.9792937977374394,0.2899796606206344,0.940916564653281
0.9671130353164424,0.1952845246494178,0.6604571958131967,0.3066018899940819,0.32103057523190603
0.31665252313825143,0.22659643893348747,0.6076453814905018,0.12106307673086292,0.6886385511453796
0.5291825814037888,0.09066330390286681,0.7020371815467894,0.904107301854465,0.0957475056909568
0.708308894053092,0.5008172738173647,0.4146748218472964,0.7009692206355362,0.11790886656413202
0.3314989451064486,0.21267046644012289,0.5340178618751369,0.41502434812770916,0.16735850394524976
0.2980693295508704,0.14306474097239597,0.08216400030450144,0.1471320641688587,0.07688926551129649
0.37201696578038745,0.9122425455205065,0.012698007388814325,0.5388941944674733,0.7844052730649104
0.4976862743379411,0.06416453998959737,0.317640787501976,0.3983215190477323,0.6757244993220368
0.5945629098972588,0.9892095521743591,0.5951475810470865,0.4042236134149756,0.6069264239970884
0.37592344550989865,0.1662836052328982,0.3303580570772644,0.6021585725782872,0.17155893246692744
0.8721702831167366,0.10735818069694048,0.4692154731858501,0.3127429817460259,0.7297300099876014
0.5512574233347938,0.9468554595084183,0.455305007922829,0.6061947545700002,0.6975630386168777
0.9971938531935597,0.05592126230255734,0.41058150351472755,0.2714571397166412,0.11130910970022545
0.7772818945996827,0.18682478657493806,0.8924192019723977,0.8107829189850556,0.9612895381678228
0.9084279548380563,0.5119549424389499,0.15751622570933055,0.47295681337626727,0.4927191285918877
0.38986978563132724,0.10387685388910783,0.8763891580102496,0.9783103865250324,0.28860070958498263
0.9952309762180522,0.6765582087844666,0.6051741933074952,0.35866573164991356,0.26094506310618926
0.37244669448439593,0.6555032154732596,0.3504854740245793,0.6633989734717494,0.6125238705283104
0.9866399509723766,0.8801755892408014,0.4532308198715266,0.9673059649009238,0.887173051279065
0.3397541295966032,0.4819642456752835,0.13644397847565448,0.9037014614543545,0.8887867282360411
0.8945142318500936,0.49383010425964036,0.41208052627438785,0.7901881534252578,0.020191063652512664
0.6864648669891026,0.6756451361244725,0.9307295832967053,0.2500059336248802,0.988847877930972
0.435115501961842,0.38098788921316684,0.8949847963576653,0.7005182201665457,0.31100278656457025
0.7980426939229667,0.39606346144360893,0.1112874561052275,0.46901880134852647,0.5018832843862256
0.22384020503601443,0.5343528487078182,0.008793999429382304,0.24447109415024137,0.5641882232615614
0.39342089100416244,0.10364021283286406,0.8020699231763555,0.5383819990646522,0.38811293204452946
0.1549722456237319,0.14827957660292068,0.32704274538532274,0.4494977374638498,0.33714534316215705
0.7683729327779687,0.995367013574763,0.3194000937943402,0.5543187583925699,0.17753164737012683
0.43567106925792265,0.1949998010959313,0.7017048724798058,0.22776880022673107,0.7873004631299684
0.3541857087717706,0.4185344952589395,0.581540895320597,0.4023165302134438,0.35888593279164915
0.5346736941897889,0.22749018144799127,0.628588362201209,0.693770378163025,0.3981612858804149
0.8320685701994993,0.6513278802062406,0.20654071375123828,0.8464452958638884,0.05553887745765218
0.06266328987839231,0.5688515595274953,0.5481229727858961,0.4628194768456173,0.9125177418337478
0.5226000334385507,0.5351287805316327,0.4932541699165296,0.5776137674744709,0.926460892170569
0.8898953301045222,0.031526962201484876,0.12251669615294547,0.9133823789764874,0.7444761510504582
0.6858074349334362,0.8378576537876787,0.023373154877422975,0.724465077882466,0.3000033807239063
0.8353982896437263,0.14698243193399685,0.41578401725447034,0.28377951773749266,0.23824449992672647
0.42294780361327144,0.30283355153545943,0.2471896771730352,0.7620055301651252,0.40113706845374564
0.9026772277789732,0.15541340055855546,0.8502811093005818,0.6620374290675101,0.4625233666709896
0.5413572493317151,0.7750250823432561,0.1675096997254758,0.09577041500126049,0.8083252005950303
0.8350700300585527,0.9885560984448423,0.17933247190536394,0.37178208354763553,0.2060775390961963
0.16781006933731835,0.8354055206573475,0.1563143533571626,0.03886754826335448,0.5709888447838424
0.41344453923295066,0.37385209470870806,0.7620884456504396,0.09414955148313853,0.19663614085172199
0.07034868747097156,0.5461976890859118,0.2435892964479488,0.42793443088042193,0.6455289630413592
0.9099601935747396,0.17353524078420823,0.3089600021554245,0.13589380648805283,0.194884162194358
0.022677764613554197,0.07195894696847704,0.9257558014795093,0.4040048623398719,0.013536151712262079
0.39148203949623683,0.4599359085253104,0.7317763782599049,0.40940502286305025,0.11489713426460624
0.5780282441295183,0.9831091644717781,0.4405401276281904,0.06053516936367487,0.46332241367304083
0.7194010045394793,0.5884810858700014,0.9942294837913904,0.05458917668931196,0.4070891610321111
0.6320833939451592,0.6370961852386392,0.8885535940276259,0.7054248009416092,0.40995535768037694
0.8155865311361555,0.19648721127046664,0.2073297143268309,0.8243412560256096,0.15146082260235783
0.6666659742920319,0.9652699798467591,0.6726132910854263,0.9379880314295267,0.16858229547215542
0.5203778588018366,0.4961430991941158,0.1373243948684697,0.34939226304704896,0.7658867601663607
0.6778270142717474,0.09429951536922243,0.7397050006401333,0.4431029431909631,0.7260780214504087
0.7744578790973642,0.05198923311051462,0.48825215205545214,0.6469483374664635,0.5348598033558576
0.20110357016711067,0.6153134912700111,0.28929389063347033,0.8478212583646564,0.896926290616324
0.1633780824869131,0.4994298645550501,0.2067266643510023,0.43578291821599935,0.2835348665447627
0.4315111324911328,0.3362187876627032,0.9702082836627643,0.8602456243317025,0.74286689833078
0.03476080012134952,0.3621902488860812,0.2310937745541597,0.32711872323181934,0.5397587850716299
0.5955377601537777,0.7775763254747516,0.9618640062021241,0.1329524932464068,0.6001023963881135
0.5335712974094895,0.4976989177055735,0.05630601186009365,0.7689527011019489,0.9377261534040795
0.23972976091590126,0.47193236957920814,0.6967913784495661,0.8394714539020339,0.35914701680319383
0.4360756473150913,0.0391473093129302,0.36340863690308267,0.1025992656992043,0.05580675884379882
0.06809564134979063,0.6052365884403784,0.6129632099746072,0.47383350487103115,0.5156025126262632
0.883403106751729,0.679041464743229,0.7217551556628148,0.3727141767116646,0.07344531721910985
0.2004248893024686,0.616515850023929,0.6241745870166593,0.8127137616725124,0.6396406061018111
0.8783732188331921,0.9967781241406799,0.03159907137750684,0.4986579129456389,0.8646748797133081
0.7566412136571439,0.8754592693597858,0.5168525047349363,0.9054091240216547,0.1464026404053691
0.2612738310834215,0.32266505565620585,0.44975204972771354,0.2910422328118928,0.1243771933942257
0.769432319158482,0.896563402619302,0.8851923546986336,0.6523937863498934,0.48316888069658215
0.682129111403109,0.576259586406589,0.028401767468654526,0.8153118053118361,0.9597319895718495
0.8232703116043969,0.8471770015078235,0.4664899210072677,0.289870927454179,0.6604808495078376
0.8136092441239052,0.46723363471222856,0.9282205993087599,0.24194394601335878,0.3233741547310526
0.19091342300336878,0.7074966923297761,0.821401223435068,0.06701463971202004,0.48541276817606993
0.29653702816384186,0.6975646501203661,0.7761633170337531,0.6759232281882048,0.6905671380059268
0.885656987646995,0.745436884122639,0.6099828160812693,0.19625640600783711,0.3435629257375886
0.7746359109844029,0.5242085362051216,0.5373616656845253,0.7659052932991838,0.6440078511904058
0.26004333238658195,0.8592092604400936,0.38818706519573654,0.1382490887924761,0.5263342151459568
0.7675010670169452,0.13237266398417435,0.6035805257036444,0.7842810665459312,0.6342664961816034
0.0870939626213576,0.6659518223826485,0.19319023280820724,0.07077608827389292,0.6776390659062637
0.501506192287212,0.9445624176663828,0.41527458974422204,0.39270613615719796,0.11541415089093188
0.6489358577965122,0.32793070474696595,0.8954832605727054,0.6095308003000512,0.3157623138553213
0.15112275599843894,0.19807669891554436,0.3516398276721281,0.682788873953483,0.6457955067167576
0.1809516766737005,0.5314599238243726,0.40525711275971976,0.6056935237973219,0.35738692397465366
0.7645542255530486,0.33336629993971845,0.5191183669562626,0.13871880742301734,0.7047632693171008
0.10838064754942578,0.5771382103908786,0.6269040582336679,0.328546964016845,0.20371154833987903
0.9465845481176232,0.7248189239193467,0.7043817373129588,0.5655422868955291,0.8031031249142
0.8675723814195909,0.47549410096662237,0.5562191234993714,0.32913529716864875,0.4325019683807133
0.032479003168047305,0.12533229055004713,0.6168186499324905,0.18116043910566937,0.1705815017104403
0.2974734433248515,0.3130032651053727,0.8141702540840802,0.33628370950602604,0.8657251153092693
0.6510178297302742,0.9365988348323716,0.703870387043465,0.8221508065439178,0.02879303859111415
0.8698094612237649,0.35588375714287124,0.34229219512383724,0.7206263506720247,0.39760842860003043
0.0802214982421584,0.5981875166533521,0.011019037041799518,0.02137244659178672,0.32774396415296536
0.49827878874721,0.6096359284764442,0.7390647164637785,0.41327823019782906,0.15691070269493312
0.6400783572773839,0.6733184008831792,0.30723818860392027,0.8839887664210269,0.4416414719046644
0.4113525924101472,0.9173886459100974,0.8139913855532972,0.8729988278074269,0.36980205968261504
0.4396351885910258,0.7932450727894294,0.4903797461498839,0.38571066138371257,0.5029290309669566
0.9858921643149654,0.0030365407419654655,0.8368553948926588,0.5196547768490631,0.2604163741001456
0.9492946825177234,0.06760394884832166,0.6334331847703819,0.8120582563688871,0.31356212491862345
0.8285870220798095,0.9129366969450783,0.6736275383216608,0.4027866892661772,0.7843608254757739
0.791570004807508,0.7663164170480641,0.7418303846684287,0.0452014984120378,0.5237809742813356
0.1520840157817116,0.9854910503588391,0.7779779635837583,0.6785178699353486,0.7101704692503011
0.16954923184352888,0.2899893052216779,0.036112442027846026,0.7546523739820189,0.9704808977592165
0.430758443047601,0.2599237651535534,0.040787909801683564,0.3282809962640961,0.477796318592413
0.3140594119789668,0.4390801898048021,0.776637390062605,0.20635501351544616,0.8806251838297675
0.9885946562266176,0.3758607991958406,0.5508043062176171,0.640747364442829,0.4726641818854238
0.32725299912727823,0.3332347521303457,0.5101924010500144,0.40745506095715534,0.7976948966773791
0.877041720388164,0.8645912348179234,0.031044475529886983,0.13720471136488976,0.9358502441361157
0.5392536274822876,0.05801163146360744,0.8923260908904719,0.2196365282936107,0.8154169983083909
0.7202689917111043,0.5652113928176009,0.9882262905970907,0.5344351558540776,0.1478721412722369
0.6750153817877022,0.9276371818046625,0.8979291793128156,0.39437914469285895,0.4552446721290162
0.9850597165026782,0.36743490328536843,0.5076114707819218,0.2855918462160515,0.19803333936656065
0.5681196183515462,0.025895518213905344,0.9493078762182341,0.7542675251028375,0.9687076474041599
0.7142297985139431,0.4187936279605913,0.3157450330800873,0.8732203557370571,0.46660520725727406
0.41428154592379185,0.651948885708777,0.451301184833363,0.7952531021523008,0.4532399368684221
0.1092109732483677,0.2400231551054125,0.9930135194077092,0.7436563887320217,0.5522454160093201
0.7580583226148466,0.5858160513366912,0.5461646525999058,0.9830470713359281,0.9240203536599757
0.8733098088527784,0.3022950090800236,0.2683751305263775,0.9199902948877514,0.7636221136239413
0.7810542463561754,0.8539559694710084,0.22894088484914288,0.9569158580636823,0.7100155360859383
0.9143597678371378,0.07788804288462281,0.12665176842325443,0.8758795231988254,0.5027983033044445
0.6237502863803978,0.7944558876813836,0.11854675457649422,0.17498283895388966,0.27893414930828686
0.7294808569378083,0.47712379031702645,0.8319108656387213,0.05247060871746356,0.844965284965878
0.5790690297299775,0.64750922085535,0.6155954548248929,0.6548854583787642,0.8577630904325507
0.4861676405933014,0.47551098985375295,0.36471843368220735,0.8067209461177962,0.524613590834423
0.9992836786678627,0.8172953055977814,0.6026005929448384,0.16309034730303418,0.0831603191577922
0.7429308686605091,0.5536243762033813,0.1973964215492564,0.12384998661454583,0.8490612900762463
0.03790418319015276,0.8623356810616633,0.6951226051536449,0.6921586875093507,0.3005323373258961
0.6910641930849452,0.2268204322210008,0.9123984261970765,0.8766505926650703,0.8329354949083426
0.3007082360496641,0.5005679285003507,0.9876708827333885,0.15331947409848468,0.7134118534477444
0.871730552367168,0.7433711804115013,0.7387392269580555,0.15265972914275427,0.36889123261457524
0.339010460055832,0.2394862716365822,0.8765738740306085,0.09765656939618139,0.8738049212858919
0.8822456909165075,0.35133788648802033,0.6045068125918791,0.783041236156019,0.9708683411911101
0.3591761035799258,0.5169478950030516,0.38701371848361754,0.8854376354918119,0.8430107484292274
0.9202748087803403,0.17299576165457986,0.4818826152519514,0.6151962946758538,0.4837092242456993
0.9894062114064954,0.2495307173313397,0.5995304023563124,0.5704269187854623,0.9192201558368034
0.30809077003498153,0.8322918585465551,0.3132486387594431,0.55047418962714,0.1238625247134828
0.37303794756926834,0.2792445915636238,0.9382259318029564,0.9052621270953747,0.09850347019752215
0.6557287159571259,0.6280597927136267,0.0645455340598784,0.36776404619973546,0.9695239543359366
0.9421188617568745,0.798243662056843,0.09995100876205132,0.6545932298408045,0.21916082589024144
0.8751124736070296,0.6987579977519163,0.392680062788771,0.03673255385548646,0.9698049977340351
0.414694579052423,0.16765019998578878,0.788092712682115,0.23164807908108398,0.17383818170143817
0.8641417383500455,0.06522342526343283,0.4086097809649699,0.4222155770622804,0.9798467038247175
0.6872025426202093,0.21906139126431956,0.013142378682076017,0.8569635796273053,0.8444920631814812
0.9087891174996604,0.27771601027414405,0.964268786663583,0.7770137354276855,0.8884609559843251
0.5079761662788033,0.8482683016086126,0.04866445754422721,0.05916144154869263,0.8008518293824982
0.7938335071884958,0.2523319900514013,0.775299200796229,0.04455088388833062,0.3893231921514513
0.8133716753092739,0.7924964652631559,0.3382290957144939,0.7893373241138577,0.2907403599764735
0.23598577010471644,0.32009218375386184,0.5677424134091169,0.8489296807973576,0.553723632295767
0.3672029262510422,0.5922561933906185,0.8959239365306887,0.6032029272519511,0.7716024930395149
0.886444907032545,0.8163305069830376,0.1824379188917451,0.8520841136049558,0.6404333126281749
0.7344593810126501,0.6597480278700317,0.7640427235088797,0.0502698303037068,0.7506054691827527
0.6009652775696014,0.6339706057394637,0.5708082100053362,0.830581329359032,0.7929106474704665
0.999645414466625,0.31545159507544795,0.047505922163207814,0.6574023982261789,0.6422540487015526
0.014391046441305289,0.27284740081836034,0.7571255394124389,0.06043109174712624,0.06278278869484688
0.19986186688341923,0.6064364700484997,0.25320545768456704,0.8176711839123441,0.6865934806791543
0.9379750260947703,0.8549537581267189,0.5645101557011194,0.715502358683822,0.1824043600306845
0.9081850249122201,0.6136773889242856,0.9657194516550666,0.07486022424289163,0.3803011742389357
0.4872547945829312,0.5298916620000597,0.5970563488721743,0.07576547654906962,0.35203143247357016
0.10097757177725453,0.7838513253212838,0.6244607021619473,0.12218491871126169,0.8459168403338551
0.7679904344155793,0.38978395073069694,0.5413105644876313,0.9113625955651738,0.3007024847415549
0.8301101488101454,0.9350901680553255,0.1344851606411922,0.08165417315407619,0.8885659252666248
0.5934368188494386,0.3947248449273184,0.5079102590981331,0.02051809289688078,0.0011684460281110587
0.6009147229543026,0.4220243877027159,0.28772552382726013,0.035034732224933585,0.17764576490546213
0.4578633464676193,0.9304612306512313,0.128566485776185,0.7279560342627477,0.06397754454015292
0.38204407597397805,0.6880928002906862,0.7804594664146582,0.8299904534520658,0.15573515366410995
0.7933848553150632,0.29057800645309195,0.16537000905556354,0.002444244194235723,0.42857435433708424
0.6279457222104626,0.2036423635707647,0.13527506264545053,0.06511888389585707,0.17398583088159336
0.8417665677782268,0.04785941471458832,0.5215168550106543,0.11620830772017032,0.3356883942724913
0.4408550237720661,0.72726918781941,0.36977712658562323,0.791148355862206,0.8706397655338167
0.582901352197362,0.049455437210414344,0.384133089541113,0.5179573737587823,0.762659412471972
0.17572517526999443,0.9829427083664183,0.5665165151252993,0.16801773738128312,0.9224004327918982
0.7262785409351077,0.4903759113046322,0.22242300581491292,0.7837971148584044,0.14419466607018672
0.7614333813922465,0.6473810355602979,0.4047420265463225,0.7508373934601634,0.31082406015076236
0.43558816962998437,0.8017905878181115,0.09118404410142311,0.040069864824304746,0.31110648668146745
0.7681743618989556,0.29755307410613174,0.9242407356479022,0.6330762649342119,0.6430547098423397
0.7220408287294254,0.7828446717997356,0.9279529403028556,0.9396467513880137,0.3949430072771575
0.7575208021188435,0.4462146823758051,0.2530357631360759,0.19839167123617718,0.6223249808450464
0.9240587607995904,0.9953033253783927,0.641812113671573,0.5585844793157899,0.5839639007316322
0.8671994184237669,0.7679646459837329,0.7335494204972349,0.1618204897588884,0.7119220424461797
0.2955432016267445,0.5533515257156344,0.5538180554670551,0.10818253067764627,0.43765491243442045
0.42510747856958475,0.946025091233283,0.6257340833688718,0.20628721515507964,0.05987382054477686
0.9381010927920583,0.3430772870990997,0.3278519003547372,0.0846090293259516,0.8098618206865466
0.24550654995192045,0.8156338482343969,0.8800615254565752,0.16926019219577826,0.3118653325244193
0.4233342805660145,0.8611013256591347,0.820324027789039,0.15185592355102162,0.4271263181554279
0.041289002477458925,0.7892621461277024,0.07926451179733596,0.6925408169846927,0.7891395601447826
0.7340926474475488,0.49370248678012685,0.15039234385987688,0.17526871775663788,0.03652029987687144
0.803605191376756,0.43122652624928226,0.07492624643151813,0.7735884177466783,0.23039341847257966
0.47979765580308464,0.6757213161128146,0.7795488621266521,0.04282553839026293,0.3153108193610181
0.669166477252637,0.3807997431530511,0.27680041992855586,0.44433782938062294,0.4135018905436756
0.8933253922838863,0.5058273341627365,0.4547045151487735,0.19887839493653015,0.7863899238694247
0.14500165877417492,0.5105009574648733,0.06674333748140093,0.7120854492445662,0.21212823645596168
0.38015748881137834,0.032911865853364586,0.5725173357097267,0.47473345804064515,0.8868525719296322
0.6929402920453261,0.2788849334739808,0.9221816781012743,0.9408386268779203,0.44031766376948567
0.6782580836407752,0.19901721209856305,0.3096626754484857,0.508692222087724,0.97796749438834
0.9015537101430048,0.8762926279118759,0.6303015751541208,0.764337480662572,0.7322096826902568
0.8879459091328725,0.14288039547115894,0.39174027095241515,0.7566608955408883,0.10519578800621976
0.6817777022548405,0.38788866828511104,0.16167374416710367,0.4387114434502053,0.4262806882508978
0.28427118245797967,0.6583060234498578,0.43128681838652416,0.2901057128407122,0.33404835240709374
0.6198709853097809,0.6456632329429092,0.05099715454909981,0.18464484491428879,0.5433047441855378
0.3455963674223742,0.0378648535543471,0.8471986990248289,0.5667188589026415,0.3795612970921709
0.135227126771316,0.2623260174572668,0.6147706709722224,0.0905301219532314,0.9915253706689447
0.6446583210227697,0.6309083394327771,0.2160759751162462,0.14944571762367032,0.8454229831597222
0.19219012639359168,0.6284877040884886,0.914392504299964,0.9454552850981466,0.8515836946974751
0.6260554545937107,0.575254620734457,0.04788928067281284,0.3009558626432832,0.9977049311847941
0.5898445348239978,0.20794236068005167,0.5749115217336063,0.3470462376980018,0.6552733218049035
0.220606367717613,0.42630151398916916,0.7607911164348333,0.6306146020705734,0.8523312738535417
0.7462495079534459,0.9501815274509247,0.7283756484241368,0.0018054830768413632,0.45100842930649265
0.8185356156224779,0.2964455724072622,0.40874248040787686,0.9299627053884727,0.2591363003868067
0.20597724941218254,0.4848569124370693,0.41261909019569387,0.12058101372924113,0.6900493616891394
0.9396573410179131,0.08386281001327978,0.6788916046799246,0.3760453182336857,0.09803930950866402
0.9157938175475792,0.7512407268435919,0.003362897129177922,0.3568842014346091,0.6098780976591963
0.36926880277322405,0.9939188676192368,0.7609561476675197,0.5728799394000038,0.3339009740906963
0.6496295238945342,0.8442913335587238,0.20463493331655525,0.37179013353653456,0.44579246314607246
0.8927400749585311,0.7197299819851389,0.43005110653329803,0.65471752715668,0.33293540490863505
0.5317749711485742,0.1030564612640712,0.16126603235387393,0.6189191015065484,0.25638819632561627
0.19642693220364182,0.4613845931459102,0.7568832877949216,0.7712797591046597,0.0014662588428980827
0.44820992422168304,0.9831630251855992,0.8874029614755586,0.17940624797062343,0.895220933636766
0.788172920836954,0.8161149822077065,0.5763416229336119,0.14357358361481354,0.29449343098569436
0.4846196262425476,0.11581223423728648,0.1999382456070108,0.770156117224734,0.5860635691328334
0.3531771245076345,0.6615988481017275,0.5090567032706717,0.33461615633144304,0.3806702737681924
0.6173117405626283,0.531949084271065,0.788961980513465,0.9764701052927044,0.784336752028661
0.6573533035169392,0.25982020937995276,0.7046526156409549,0.9521828618178062,0.20820510353287902
0.5045505932169089,0.7086125650177602,0.787691337946641,0.22241446299698064,0.9512949185422422
0.5814604098523,0.9303990391432246,0.652724770271695,0.6995137212337074,0.20167205200552074
0.7435853856526307,0.3918941058219645,0.48893067308656124,0.5410486036400654,0.7118396226099802
0.3813048072379085,0.476442995131212,0.05610253102511509,0.8162165497030323,0.6339344074212891
0.7013341181176763,0.41769985164637535,0.16505384849537064,0.7013890630585207,0.29140785402144653
0.267327468412213,0.41793929340588865,0.5907345214088671,0.17146742956852967,0.11307535255840506
0.6785971264099498,0.5221461147768729,0.8570319021144145,0.9678601752404681,0.09828333741202755
0.0624958045261611,0.46873921909292804,0.02176361200769572,0.04831736241990103,0.7833525037540554
0.001591890005335439,0.49252995345810424,0.8755085549972667,0.08087050497936421,0.05705108358096134
0.1387729554334518,0.6623111165866831,0.8734379558025099,0.09146102351458596,0.42578060389370687
0.2860431997451598,0.010034972369424078,0.4003590774583341,0.7505066425227677,0.4426507239994185
0.7131825063866539,0.6586007144968441,0.5085471566204407,0.21455669753014173,0.6149170892531967
0.1361513391324437,0.14755531112838183,0.643666761752781,0.8946008880999176,0.7907527253267481
0.4258958423633198,0.13111403761575302,0.3228984239185021,0.26959812541248174,0.808618915252619
0.45230303214305223,0.15962960904366308,0.4295272897787613,0.8788226014990265,0.836676237234909
0.9261015681820738,0.5651152417347701,0.39776154973911015,0.35205705598188597,0.21711952151326275
0.5977167915403779,0.4870147394010703,0.4740593236429378,0.9232781330243871,0.6732285280945507
0.9658962202514814,0.6989727046277564,0.9966203410449022,0.9210769945931199,0.18486143958569579
0.00826883930323652,0.7748499429289489,0.009092448398774211,0.6297670908297365,0.8069680501830522
0.6811541819890068,0.9020581242711623,0.5854700511922487,0.7946829837191289,0.43130370504936344
0.10495653248340364,0.9513104615781763,0.750357863572232,0.6545749959103118,0.6951910738735768
0.11179231292326686,0.6158694997292862,0.563167455180455,0.893019541685445,0.922032331978022
0.9450270729230204,0.5311649032484866,0.9226408413204799,0.07346407996804982,0.060568118371501334
0.8206137278169151,0.49231743150702345,0.7187975251233595,0.9311851383184503,0.053199793593822764
0.9275368279413303,0.6408145936932643,0.6243434363611622,0.7195206542074777,0.42765053992683255
0.6662798255766615,0.2700297447797444,0.6861143023906603,0.8855833921866519,0.08474468330972518
0.8859264080850829,0.3493275405064634,0.09148977180533313,0.9189479162264635,0.24081028760159762
0.941396411264393,0.5598691864626014,0.07297577464132365,0.2830093845274304,0.4194187393088704
0.3437802717388738,0.4006866735224309,0.9611567332722305,0.20354901419203508,0.35691560671594336
0.008601609165672652,0.28484132954747476,0.7970890357460395,0.7245508412387711,0.3708119997876519
0.6795735625316053,0.23818256448416253,0.38056109654623893,0.09533810567236012,0.052780485341952565
0.21774814846020596,0.7382508643960121,0.6003651521050284,0.48371399225718703,0.43499104174333114
0.9829758421929463,0.7616903556933361,0.5215740072108077,0.09826408558715194,0.6342949890812419
0.6457932907776889,0.18763921654143623,0.6209802152009295,0.3698779303873586,0.7934850311957805
0.9658704993146909,0.02815797335562964,0.5079803100890854,0.38255681498561156,0.9139888040019338
0.6744197662277928,0.7062682060434795,0.28167510406946794,0.82342398377341,0.33973550931564744
0.9979843949609468,0.4593363196690883,0.4618185625901505,0.28150436133386714,0.20262162534382322
0.58195821858068,0.3688661014722313,0.7435751597689856,0.11980325791774749,0.04516559381528029
0.8209136109175502,0.6447328714270154,0.6256393207154451,0.8266560301200956,0.4979032954172298
0.6528768628481116,0.30380716883754455,0.89647583664278,0.857478313418398,0.6808384653140698
0.8998788751751423,0.4091483500967208,0.17669982799330008,0.2678975905740001,0.8113281353728579
0.7880557097825699,0.547799330019107,0.45250153923558256,0.8365361215060719,0.5144831385744387
0.41036502022371546,0.5002263347411783,0.17181948473680764,0.46562778142592065,0.10869067011925615
0.09707139164009293,0.037385771684726676,0.16101411904984297,0.8822726650841819,0.6881637199727669
0.6572500181375,0.7400071675115015,0.349432974501352,0.9496398412501222,0.23543163904571252
0.40532655209818425,0.5985599809906358,0.5255361327866591,0.5622402920600887,0.46855272015137606
0.9957289178929277,0.7178115875608685,0.8976670060745842,0.4337904816487985,0.9013507477971554
0.8090859298575882,0.9118956890648034,0.9237698877294536,0.3261266282698676,0.5455300794567883
0.408738983216855,0.36247773019504503,0.2298410707312376,0.06135429591709873,0.9128581218981832
0.4903102152794443,0.9463329000297656,0.3266933319205021,0.8243125424599317,0.33967332252218707
0.11408459006995875,0.14269555743727846,0.6984601130244386,0.9479583385373301,0.8847603369781116
0.280914402518346,0.9226493835713369,0.7106731951556297,0.5652630954881653,0.3928310202772335
0.5532635338964975,0.9457306534389199,0.1842720461419256,0.7525265863501261,0.13579724392621595
0.8738397687928955,0.22127784501328884,0.2672498287422198,0.7988275973906144,0.14297578137882772
0.16855063973164053,0.06459453234740198,0.7996889588850369,0.07765449507025812,0.06044452574069714
0.5565528990959762,0.6316015079281865,0.6015927110197725,0.5106096069922753,0.6291745921267187
0.7165260686876924,0.9593958518176499,0.3735498215365236,0.04267465252169811,0.0730716119631164
0.7948075102519626,0.15682955863206727,0.9109619627631804,0.5302520677202152,0.6359376217215292
0.696437237991325,0.09401175410398599,0.3622674643753798,0.8750263122003713,0.9290112599367554
0.7331473767200813,0.9903982573379566,0.4259816644673101,0.0901078941998189,0.024473284888655744
0.7766286602661208,0.9176359524952995,0.8281823322614678,0.19307160982561644,0.9398276531539214
0.8062007757506113,0.7256949488650675,0.40136142237623673,0.7728663468314045,0.7246855411123124
0.7961954204606684,0.6666393568752246,0.34104364587571634,0.783950457404895,0.7885111755178146
0.8700766771075007,0.7726275125067119,0.09851267360857197,0.7508550174286545,0.8652185310184867
0.5764270790650625,0.13338698050797992,0.5306160055277104,0.581134580428388,0.5396871103220392
0.13297564037329346,0.6366212079778517,0.3752847375348489,0.5323976503995399,0.22983507487135513
0.22749630012107924,0.8975577549397983,0.9178842588387806,0.4330651619719714,0.7084050234756514
0.27338819251125324,0.286196691674507,0.11963482916250068,0.04121828396613947,0.4866148170885344
0.7063446718723017,0.635686821550157,0.27983262595544534,0.24837495310820712,0.15862042456087722
0.19602648161187064,0.5820898860874658,0.5199598278321197,0.48230066777727787,0.4616345445183667
0.04431727108989836,0.609292900271445,0.5802192002812705,0.9313418081576921,0.5497777288140208
0.13223351825718954,0.027617901406282286,0.0016390095218805634,0.9456465992562065,0.4890494968320779
0.09800213890819276,0.35948683244238766,0.9042811604978395,0.48389807147417907,0.688438177307289
0.5432733107797253,0.917121827783679,0.38695717940476215,0.21792115457636385,0.7473082347393948
0.7637226961650662,0.0979646008506383,0.6397319871007809,0.1965876015102882,0.23811097124209324
0.9199744518440821,0.908817833601595,0.583089106756004,0.07075428098864933,0.5477691342121368
0.003806556666869798,0.46929304506427605,0.3314433299807009,0.5254981323585801,0.8941429753671428
0.6361817067124399,0.7610659457884733,0.2839836058840226,0.1864926750260728,0.953342008652709
0.6814214284089222,0.5543908037484655,0.3761701586903258,0.03250484719659519,0.5523662085729143
0.35180955537134584,0.1208693125410304,0.39751095797917935,0.2849697540100756,0.8133498664004069
0.37724105909706573,0.7013776131627409,0.9712371699602192,0.17360565134880168,0.8386021814731062
0.4097170422397697,0.7326713857298585,0.6714913204619759,0.1706188032306898,0.916118636423041
0.03248814351420681,0.989960838444095,0.26777015964704487,0.8645875512206486,0.9165043718836264
0.03786468500038853,0.48038395295691727,0.824933784566123,0.5647959189228648,0.7500238134843581
0.5323047738350699,0.4120735867592574,0.9167657517695808,0.5457808074638588,0.986356785955001
0.8720255697466466,0.7657551880769656,0.8226990549494104,0.935629858597553,0.17962201994981408
0.13363832627805383,0.8545487278153943,0.08627564915552688,0.7826290313098239,0.9442990750322249
0.38640970440005185,0.19066740665646797,0.6055110347880758,0.6562594284423744,0.4189881852392999
0.14227897068068918,0.16814664099763965,0.5234695170859348,0.8593548928320343,0.38270693590198324
0.19184330714198872,0.04380664424466463,0.31356722379672997,0.8629317978976296,0.38764041556065587
0.1027566736240777,0.3256352094846353,0.15238131569108038,0.7508458002231748,0.5537350173801456
0.2407231407718914,0.3151176760148011,0.4487897278252,0.6587595838878607,0.6223329635337803
0.11214129016093377,0.3364557368023501,0.8673704801966508,0.2383333895650176,0.7488196975599333
0.2451324467162438,0.13641624390432527,0.004121583560118491,0.9405850439511286,0.45384914445871993
0.757328879449439,0.9815522677599712,0.8359929609031143,0.444097051879387,0.10837900225373742
0.16862539979008206,0.29864447646253356,0.6894366806554177,0.5849083397451337,0.304901788840809
0.1567048525373499,0.9225504471727383,0.40230323657995004,0.5233041972979238,0.624215927265181
0.9381874930776795,0.7993174838813224,0.745872255523345,0.5914443477564262,0.13038277007915788
0.06571010478837191,0.6318982043833328,0.20022388768920252,0.28313907984628184,0.08089238972370483
0.10302906570699322,0.6097626376000579,0.2308388883142497,0.7501301480060099,0.649792956200091
0.5348381394025125,0.13930169600561615,0.41871891645737225,0.8176355336993741,0.21301384566610948
0.9389510942042784,0.17085724662379098,0.543916619960368,0.1320856818370847,0.21132032233008047
0.5987478828796922,0.5273164083241361,0.10424152961203537,0.7129031042668285,0.353322561082664
0.9283360966398465,0.37205265704851687,0.27811632273983955,0.9903488948156719,0.4422164986015106
0.003726828011890948,0.5198125954242763,0.30177759492586986,0.898669024271034,0.6674524906980557
0.6179242426354614,0.8162117246096384,0.8786949420898048,0.8403470587366775,0.5419603732989906
0.48517442455820103,0.04449349130812019,0.49448757851890834,0.296036067025624,0.06952933526504357
0.4956775150439581,0.04748240163349493,0.11337931274472868,0.340510153993952,0.5558601607489608
0.7425295858779796,0.21517967710898156,0.0036348463859783298,0.2365421686686393,0.09534690822015313
0.37511244957930323,0.8976497790994646,0.4319880536142344,0.8691210224253533,0.47868256788806063
0.9633438856969491,0.14651905450922187,0.530944486938727,0.5589392295893926,0.03162446047966405
0.018274275924454297,0.34662531600841495,0.32214347712167857,0.9259574904679846,0.17025096679509244
0.9666909061300997,0.41383507333949054,0.1971254654273198,0.8655357574913748,0.11687840653802717
0.811526296542957,0.17908776542962168,0.7566299327435825,0.3449539051955989,0.9501376522162495
0.8641124032135182,0.3074767756532123,0.5002023760227051,0.26660057399252324,0.9073687598243603
0.6227275728850081,0.6155734987745263,0.8458684334476329,0.3904506151500744,0.010239092487178025
0.49412908211306816,0.5586784330852288,0.4293230798786277,0.9061057186973966,0.6261241936251267
0.8099561889727548,0.23907881071138093,0.6738268424662587,0.8578779081882368,0.3380707488155349
0.4530214621200004,0.26656335163191136,0.7515824316119791,0.07929224425097148,0.5745115195806305
0.7233144219346508,0.27895740563981863,0.48498852177442775,0.3020294745052604,0.8109677968362393
0.0543026898734742,0.4462527599513948,0.6651999013787347,0.12698726879076583,0.4217963945523451
0.7637681563057063,0.8719926533679576,0.6990788697247334,0.716252787016764,0.5861504975937147
0.5563997817032811,0.04881909207885826,0.5603623950055197,0.013543316097306857,0.695329989571043
0.620372977711663,0.9698382486143821,0.5807983621211072,0.9586389112304405,0.12959310641613297
0.32115804936304226,0.5975384149699189,0.8613928661523385,0.8558220606384727,0.9766363058083298
0.15946715098076114,0.08407327912424356,0.8699483480600365,0.8719598627420033,0.8268100457093127
0.31481306048038515,0.4041307055004544,0.43194250029035197,0.9924034805792219,0.15663812822397516
0.5934020175150759,0.6052028092268733,0.9437119959435993,0.2579415737521601,0.6947121604542821
0.7609783227261258,0.24827276161189893,0.16552847875829235,0.3657348597623137,0.08529969891329792
0.08265146487689679,0.9287797910058122,0.3885000900930895,0.6171260629496936,0.6435383032514377
0.47058856915290903,0.4059112662221076,0.6407162177458163,0.7103536768698246,0.5475497679885317
0.08783780891813608,0.9150837496171872,0.07075505963988593,0.17336513064353987,0.9861467357850908
0.22641395322094438,0.33569754090290005,0.8164896435219577,0.9124058020219421,0.5670367941698943
0.43099552526155627,0.5009054209849118,0.008813580659683407,0.7873631563430631,0.45736524426299197
0.2196717023031286,0.7897766548259638,0.7317340276570523,0.3218527644868292,0.32640232967474303
0.04331260182363117,0.6593171516981667,0.5404977712795207,0.02784472822133377,0.3698598343365649
0.8521757849440883,0.36745678323740416,0.7955734294734669,0.7486206451968209,0.36006824653893843
0.6635386880242284,0.5978633760857246,0.4174449324209518,0.6269216187035556,0.6150017409137458
0.7389417371425252,0.7406000365373658,0.8560153089452787,0.45110642210218255,0.7074458657252974
0.5610467930685352,0.5588096963106753,0.7875379080786991,0.779006853023563,0.5293372307964643
0.7604655301725799,0.2062710996298922,0.023651429003189173,0.4856798192477413,0.9395877999763035
0.2977640462670865,0.5876134167862543,0.7848713249466145,0.7991317993318425,0.9300814066946559
0.5220281119715136,0.4038937875101747,0.17729948033323384,0.9628753282210265,0.7304666079779465
0.5093240696718423,0.8634053421554992,0.5281845017599532,0.05425867897031367,0.46376468943377236
0.2764262337439787,0.47659789017802157,0.8134966716045581,0.41088886211919273,0.9142249269278632
0.9375771925026065,0.11987982000604658,0.32575627587430167,0.8907924424947213,0.9945248606703658
0.7507810049717657,0.6172563405290385,0.11360807944838458,0.37741598791766673,0.1747992164389056
0.8916352563399588,0.10756525519315718,0.2030255760464632,0.7039773237707474,0.6824540975697932
0.3269373986094265,0.43422498746865057,0.38891815526415263,0.4863514787249803,0.6737637291761109
0.7680088140656991,0.48806261545920127,0.504125829191897,0.22348173001908822,0.8397416619715344
0.3662760104265407,0.7658769535681295,0.29379826671214826,0.5442167699506592,0.33830588528730343
0.3055145748002811,0.03431414750860462,0.09684408529367028,0.8542722700123914,0.3676507279302267
0.28100804758007814,0.9367838305293873,0.8327042343687993,0.447661550384154,0.38432192852500546
0.03536155568838317,0.029996857106398545,0.23421291865845584,0.1104683872503407,0.5132488558445588
0.8386756638843686,0.478853924383808,0.7140435378194602,0.6711128425043129,0.12633849204022007
0.44953564530907275,0.9638368481354673,0.07174846781007294,0.0012335495317319367,0.4865685897979556
0.5380225543443397,0.20924680806578078,0.7049953380297084,0.8526203284402645,0.04987645958729203
0.006291113036264839,0.6457485762785303,0.6324437949215846,0.5755288017105852,0.15532755707767243
0.7190043311242278,0.6487096220326605,0.4752409116254631,0.36244462300191227,0.8672899376984955
0.5454399253444513,0.5383741330140224,0.267486664015133,0.7092409208824977,0.43712383967258117
0.5170352908452992,0.7586879820662282,0.2591489791877939,0.5258220354162607,0.18913623201656116
0.461619537365921,0.801808622732276,0.21186414832659117,0.3402320027361969,0.30532516959092915
0.12957162586906346,0.9954969792426378,0.7822025004884358,0.6755971568563572,0.3605848741403722
0.7752850781757762,0.7268295973674921,0.7274688813207983,0.35188438340953465,0.2666862665942987
0.14687660182838302,0.2703649736502002,0.498371139965023,0.8039238356458991,0.2318430693968877
0.3702517874273884,0.9144048476142069,0.13022369535118694,0.4767809741562775,0.282792174612602
0.4367238356210422,0.30458245370341575,0.5850120450450083,0.3880233369523307,0.4491540040150608
0.3608163793815691,0.09175298528233,0.21680133225856213,0.2609828633450123,0.8079742037203557
0.36261790113214143,0.5852550499131912,0.2746830307619388,0.6728077969258761,0.9982209340842454
0.9260612974682346,0.46093286458423555,0.9164407666011175,0.57849545982093,0.13696720978726484
0.6978768169410402,0.39731014830621914,0.05273537370234471,0.35215439757211664,0.15119130129281944
0.9211117680383549,0.5475027260247276,0.4238073438174683,0.7223772577254983,0.013528941841729258
0.6979095253089781,0.16246648863836977,0.01917563019632318,0.184443082075624,0.35322153197472184
0.11884774841076062,0.20097271905146807,0.4225090530055243,0.08172460899200262,0.6600422169224824
0.01311120242061492,0.8304766251081267,0.38247099509997506,0.706439846397945,0.3976901748875109
0.6017565623611073,0.26141061634460727,0.9869106223752743,0.1810204234195627,0.9849367486217904
0.723478142583912,0.8353952078063975,0.5564133689690075,0.35800499545193054,0.7958822192132469
0.8864331076858274,0.8641036759192023,0.7111827486123355,0.45438755245115514,0.5223927329577318
0.01730037236005566,0.7234832150737862,0.7748582968694724,0.01237485176095765,0.8219551187066155
0.8485551619168595,0.630216418218434,0.6073117458279135,0.3930383062473537,0.15232428073747972
0.11756135472420648,0.7903924282843862,0.8144466644725366,0.6557664579225329,0.08102570756873839
0.32736920691927485,0.2281991204659397,0.9597332824812164,0.41744409875232524,0.755524437565803
0.41893449356211643,0.08977186408123883,0.048568322383667595,0.7244169979204574,0.5874102374750394
0.06928087171131903,0.11831748511590479,0.18099384143665553,0.8593831335613572,0.14700819681339938
0.15146841910765063,0.8416312458246596,0.200051302709632,0.8061699306393636,0.4372100574823077
0.16971802094584265,0.8904565643124153,0.01794218761976729,0.8967022943916706,0.0262610323664616
0.046457684303224056,0.6014474218908563,0.7436988306871121,0.6406900943336605,0.9321275910464808
0.06800820106114913,0.14760774194957205,0.9882281498579587,0.10918869630594852,0.4648024292025157
0.4136890426298502,0.00023486264573358007,0.23418862610286928,0.5411959539331358,0.1609281168021165
0.6090897606682438,0.48068311432028477,0.7129762954457018,0.49879817026422824,0.6527859413989455
0.46763897276567423,0.39239905607144265,0.982583991817014,0.9108360378099902,0.15219542324663138
0.4133159281963944,0.6298048594342961,0.9463410906325969,0.7756761861696462,0.6407016385990886
0.37937554665958273,0.4473110335580206,0.20647324399054545,0.5727959471142064,0.4570721564791803
0.7166340724041362,0.6409526334232943,0.11766719792527813,0.5326400189590363,0.14429634737160957
0.21024070714226706,0.5397052442824766,0.18495534348871823,0.5293619045618355,0.6579897804697955
0.8145773876764341,0.2932191180081405,0.7502704967673589,0.5516437667694888,0.7089937186742744
0.721188706870136,0.7525671636427024,0.1789199109276245,0.46141383618129483,0.7678484708130582
0.2663628151661813,0.022287809955905846,0.216535572949479,0.42133363643754396,0.7107243460678102
0.5350985181525187,0.35207463465267175,0.5216554900048294,0.6543039126534231,0.7085153661113258
0.7622844579528781,0.4303600874573642,0.20278765343300975,0.15171789262059254,0.9102481948116968
0.4341451228554585,0.7605322153779057,0.6537950766939843,0.21984754029124998,0.30556076213979344
0.11935530192850774,0.07164794752000847,0.05482870744561508,0.9005925846160718,0.5617007056492983
0.12327075392347131,0.2475557643638282,0.2711920878113081,0.32600534194928155,0.7685800594223601
0.9610163132487454,0.3996519446961059,0.5946128199082168,0.03420466186306459,0.18521750192986786
0.9853066708186154,0.6734091755825067,0.8004165258348821,0.5033320982811318,0.803984891332675
0.09329326120769543,0.5964575685297113,0.43778503257644175,0.7104785607106308,0.9621314254395703
0.1199347190105845,0.8812051426896095,0.6173917824238476,0.6568225963897856,0.5985452982625236
0.81590638540846,0.3249688048059698,0.9811956771121733,0.34291155611590374,0.040715353767802887
0.49540599229542814,0.6080926477883736,0.10172391179570395,0.8049936900756405,0.4026740382570587
0.6926942355646007,0.2746254927516971,0.21953306959154084,0.26215725126769984,0.7031526784780134
0.6241103745413804,0.5518448914477421,0.2278809316372311,0.8662717512918361,0.3566460748145712
0.6823216064608418,0.19176484976183283,0.19926189578390496,0.39541480302638354,0.33337869480085036
0.09016168280526815,0.672336803334105,0.905184731125877,0.5326184556946775,0.9063195250291404
0.8296834121799401,0.4624622766665524,0.047924318469034444,0.09945702107635424,0.3605165771698201
0.8312662937608256,0.6704250113542533,0.07128338979649107,0.8954593804142489,0.20090231176812268
0.10476616282348516,0.29255789107841623,0.7967629534596871,0.29100543694438086,0.20002628990581772
0.9920889338289567,0.3563484148057685,0.3235826619925196,0.10764317084281672,0.6010589135606293
0.8589709967204809,0.5831302971323485,0.8915602150577057,0.7641451874638275,0.0843887200971476
0.48525886620884884,0.13001190162087872,0.13351826310707837,0.2482404170021255,0.6741890228049738
0.07333455484679052,0.7369708605859019,0.03190438709923471,0.8708705126546761,0.5820923410505954
0.9920473120794117,0.45522535535894715,0.7553581082960481,0.5615362920624264,0.3026287388831703
0.5632614081237058,0.3047065363212993,0.8577790976320706,0.29809605778880766,0.40589881881977175
0.4152979675343065,0.21339616665504368,0.9141725472116535,0.1683885252226487,0.5636077826399211
0.3632522295952325,0.9398912745068378,0.5390384232621382,0.44974179146766724,0.23998496399882419
0.27181491982867834,0.9416478769984796,0.14776605568774648,0.9516301425849878,0.11242231827805016
0.784963106600447,0.4608359652981677,0.4446040363720769,0.6562648730427566,0.036979155148146425
0.7793159739867941,0.8596407830975574,0.7175296869300211,0.3032864190192892,0.259626723099317
0.7986569811959598,0.6227823822475287,0.5933341386556381,0.6549475721064487,0.949182556646401
0.8538404262424966,0.17437401150302512,0.9223378069322427,0.22172605521514477,0.3670056754290826
0.5571600069750954,0.6050479179044919,0.07654510968236039,0.8083210867636865,0.4864480449238364
0.6218335229218374,0.1782886920402491,0.13639555742739218,0.9538250931003008,0.7461255351095732
0.9471612371920055,0.9152508730924751,0.43177174644415484,0.6447961341308758,0.4215827368122874
0.485323383102889,0.9237714258750311,0.5580900306047816,0.5198386765162174,0.8430645776635184
0.9575758491917689,0.15868934852692296,0.9302380769476426,0.0648713786929136,0.5430398931935968
0.3449976671843019,0.21539528259743645,0.8921843765802724,0.9048556973645645,0.008745215106676696
0.9435347749145927,0.4408170599046687,0.23800794450017093,0.3556236249341892,0.23494331932180068
0.009541892336023983,0.03948492061148934,0.525520394270879,0.6825587280991546,0.3039293868131
0.08452891645639093,0.8970437889314424,0.7572065334181295,0.6518571687303452,0.6256599200441992
0.15957104495971197,0.7534285531462753,0.7145120869455633,0.7300221828382946,0.30070514439317797
0.7234892827008812,0.6550653185958367,0.6027893978743519,0.5844199783168622,0.7997256344918677
0.12812138320220312,0.6755091260956331,0.5054230188710978,0.13807255656778739,0.9899302781695126
0.24717620276165908,0.568198147571782,0.3788035875609693,0.6103162615522353,0.5249460131168947
0.035412575104780575,0.05625138174870148,0.04416198078315803,0.8991293330858229,0.48625047246566844
0.29468807530030683,0.6355634253242701,0.6300230285150834,0.08079674765370859,0.36601152823462846
0.15117749195784025,0.7090983333245869,0.549705340535574,0.1758683780381698,0.15617831284287043
0.525416297827744,0.36558904909526047,0.15252069387634404,0.7485656120890799,0.1704761067712195
0.36708099152487583,0.7025426997284492,0.18075479825711738,0.17446518115852394,0.07497055958137089
0.9188664094836613,0.7024822653480737,0.66448599618694,0.8592197058960149,0.17098620693049937
0.9418671474338636,0.3532500825753746,0.40176472339383507,0.49407976150915267,0.6683969798791588
0.8914921742262072,0.6807072644265497,0.479576861247377,0.894579675591836,0.7727312390645087
0.9742807765896218,0.6147045196760547,0.738564464362655,0.2220223192103833,0.7568831031376876
0.6335726359347533,0.9633550035506968,0.7940061256766784,0.49139071620197927,0.028320276897653374
0.5181813815263938,0.9334416947764423,0.4595485730032991,0.3148786540356696,0.9150368888644043
0.07741683589633586,0.015891848375923834,0.1256554316196018,0.29500498625071814,0.4634050398652929
0.5100921901533791,0.8111173033452854,0.4833817731294018,0.8372787873913476,0.10938923642202247
0.9168850584375339,0.46473491922255006,0.12019882416304617,0.703060359975445,0.8212507489684451
0.6318010749314611,0.8665181685801709,0.8504557816536545,0.5103865537139052,0.035981326876278974
0.8947800753594309,0.2144634860683854,0.9987364218279897,0.10208998194119145,0.5017691516842789
0.786026162173336,0.2556855228322261,0.629647173955422,0.6119156971568229,0.228240478718591
0.015445335128747795,0.449503678535083,0.2264440060890911,0.7713024913030849,0.22846917016529877
0.4037731854998867,0.7041481256764436,0.9807212490486487,0.2547575262124715,0.3346546722687084
0.2726696405154535,0.7317574242790024,0.17864933463286947,0.11444114911395098,0.17445579944555645
0.0050606727142314956,0.5163959972585295,0.8477241056847862,0.8741430655820992,0.5566087461208485
0.20457857490425357,0.7382040830586333,0.6395584593941083,0.6858857648027953,0.3085263528653942
0.25827376179438466,0.6147385023258879,0.9950459399253356,0.6017857119185505,0.25511752003887334
0.3394049828473087,0.06477536546375107,0.5439793378640188,0.32717797513619207,0.5834211006564367
0.5095879957690802,0.6452564737503635,0.160128628258844,0.11985066793241073,0.7161452085842996
0.528078678993908,0.3386357736973814,0.6104795825871867,0.33029164967309355,0.9543985285428478
0.36959626780231936,0.0497327750964246,0.31784984439712416,0.7807390920879298,0.8513016385366861
0.2540988497026564,0.6905709215402553,0.966827044783776,0.26052066273670815,0.06676032817113753
0.028129620048372495,0.5645926300375481,0.4003863304584815,0.0470475876955615,0.4093810572232437
0.2132231944343873,0.6414657381158294,0.5160632086163732,0.9490574124804368,0.5429995767988955
0.058973346456607456,0.5600509071260502,0.3112433560206498,0.3688127097873297,0.04463000172110465
0.2580812567704137,0.6175167148887369,0.720869383650887,0.9036593273958436,0.6685584762830403
0.8787068816744026,0.5163648193508679,0.9121450376877481,0.36282091632123925,0.4365549116283728
0.5047144574276186,0.7994888373025539,0.9644835248588853,0.3531347707386556,0.31850277887326095
0.6427050093748129,0.1385461443089795,0.10986848580497544,0.30490223666543304,0.005962983548556178
0.17696274130043677,0.9555973919948674,0.7955418648824046,0.6843432320465214,0.31305619981585797
0.4410148203538514,0.02232040422613768,0.2230416920112468,0.0201923578775286,0.7144097284975006
0.10238392291303566,0.6190211554983486,0.7931265434289433,0.8832917687497556,0.7528401304117255
0.02738123213360577,0.7477906588438569,0.14821496913438148,0.38798606909209354,0.8920956815708105
0.8026385031385032,0.25227290469047914,0.49078211078384004,0.6721661331242386,0.5761107723292833
0.691353287127813,0.20483773104038216,0.5667947330662954,0.7079408979895779,0.7130844428617904
0.8497217999865686,0.1329963082129363,0.0206033762760518,0.6233187318104455,0.2095454621013858
0.15930943064588876,0.9510165898716375,0.3039163314438452,0.7896705208030561,0.2341736434189784
0.32301135731248165,0.8957189666824393,0.7098447965885816,0.4445719236093312,0.3351481786533551
0.0778359567349386,0.7067883547425735,0.5194693701692804,0.2774917972300045,0.9400298746097973
0.7840678768277979,0.5105771832926929,0.23526548598950747,0.9873052851114986,0.8123388301320624
0.31489162594369624,0.8552292965605396,0.11256473459394589,0.6111823784811002,0.2895225387050625
0.1414428025791451,0.06550601856104599,0.14463043762312622,0.054445631606946376,0.3920413430405486
0.8927439974676626,0.022076546393108964,0.7173183906818414,0.8599131164148365,0.5944972874179618
0.9869521534917018,0.5172025224258561,0.5023356897152677,0.2728613003880831,0.8546070149396422
0.0011864451690803968,0.9968121010039741,0.2638540545632285,0.08767255931042017,0.37520126948458665
0.5017037437800433,0.18190542878085736,0.7790136206195419,0.1571094770888235,0.6309823019946713
0.22276521845229202,0.1624972650606361,0.22211446806129542,0.6475535120044715,0.1280876278251203
0.8189417733627405,0.5411692312230699,0.5428952116654536,0.5367912457579291,0.8577507124665146
0.7187801196487121,0.44566006600814256,0.16023787015790214,0.414814858861975,0.9028613702445007
0.7800882366499512,0.9125477100933024,0.7526320612363513,0.32130073182379215,0.48537133649433484
0.6580953496477702,0.6377740298111829,0.7312826389053442,0.4637132825601088,0.3055418832883362
0.9984092019128415,0.05097511331578508,0.20755008819814713,0.4496877862796105,0.4585194636102379
0.9841826097567259,0.1780084863156144,0.2582624083601749,0.6185035845561833,0.8487225015702784
0.9225897754946315,0.03370308025985669,0.6196418334674076,0.8388238044022406,0.9455458170645907
0.8634019724570292,0.1040558059064366,0.8086080276043053,0.855276011627822,0.3424929105270996
0.33736985870213,0.0013303466334088077,0.4778498113889392,0.9152765476306676,0.7716522150394733
0.6582097758553201,0.840340886139692,0.16236281661564933,0.2704939464871413,0.053065692708454626
0.5755492366666012,0.9545828030971214,0.7777031235828324,0.9295439972972873,0.3401814530455043
0.21641195625083498,0.939277588727322,0.2894777574921913,0.20892849940182923,0.9526835678152755
0.36627161530735974,0.5349426841163902,0.24444281502346954,0.033919369265329014,0.9317534039772158
0.7558881129739699,0.2773838547703823,0.720107353804052,0.6263508494477739,0.4592385801523171
0.6217506569974941,0.8505314249000497,0.3150904914797641,0.4761364371213158,0.14283470758300376
0.5649390097657137,0.5976873606469024,0.9658905209630676,0.8698085506662862,0.5262942062331644
0.18846501738321453,0.42514658382077,0.10281870526647885,0.7588224073379702,0.45338447961853123
0.20966155933946862,0.32361619069245107,0.7080831777891604,0.6034100600815326,0.7243262276560661
0.03175881750486531,0.6700061961272872,0.3517362113753226,0.7493041459769352,0.5245729232810932
0.09753913586679286,0.854391331256515,0.41956913941635554,0.6162117235446052,0.6976839150259676
0.9634120143582042,0.5375887456066668,0.3670824931659903,0.49513418021093636,0.2588577455499098
0.7400010809113596,0.44510802397232896,0.8010589356381653,0.8573481659626184,0.9070976668441977
0.18751182644636988,0.5352121386947942,0.9277912632600508,0.8623651089169936,0.8858732911978127
0.12839232206339857,0.9298922397868644,0.2617976719602717,0.14538833864568212,0.8890823204219226
0.7597681960271113,0.7861358354422314,0.945536409547318,0.19968435490465486,0.5784581637907905
0.1454414564066273,0.9752012836963193,0.0550340048893907,0.6604643159268667,0.2037698606894055
0.5855535400693131,0.4608488732709931,0.1285419322003084,0.748254780103872,0.518006306684916
0.14904313982477202,0.6611714165633494,0.17280105546158875,0.15187278254486114,0.7285658797678852
0.5980110311437121,0.20844107956739777,0.04401068813795672,0.41281276759005714,0.5212436357831839
0.2843685879493918,0.8101216015359569,0.8427542559801624,0.44468487135907564,0.6696510750343146
0.4683621388070148,0.6909686213516065,0.8897975442855351,0.3211254563250544,0.4878165714186309
0.34212280197178413,0.6817801219981863,0.7337689070686457,0.6443085954767104,0.011898191121992308
0.8089210633580365,0.4786082685825751,0.7486872006994679,0.9439665360100841,0.03099285273537511
0.09688367317868762,0.5708164997728435,0.9040381851069843,0.3884552749721877,0.08863778675930489
0.7017535733391456,0.9802424587861615,0.3712635118212436,0.5139394789307529,0.8280880438572487
0.6232976685109899,0.2097807959624236,0.5894539647326736,0.4924758924766125,0.6023378294411571
0.6033342391460863,0.2188946987349143,0.5811062145369849,0.013448808624586084,0.0953339628555725
0.0977212277700511,0.9207092387759338,0.671728359440336,0.733158446565881,0.5675632477479604
0.1523018391794796,0.9265769949593164,0.8242556370291032,0.668465896240335,0.851501942525293
0.28336387075877734,0.1984677002544668,0.7880228446600087,0.8316843358608565,0.8514111215332254
0.4012627672384673,0.9326797087345328,0.2022666026215737,0.22957200239859388,0.8207245187416318
0.7082430558994722,0.5068137745480079,0.16265555617701943,0.1662940416703509,0.5009848647619973
0.08319680736573465,0.9413487749086223,0.9428104277738328,0.3293791783473037,0.8458617957747724
0.9432776320261564,0.18011759812162131,0.2657431803393888,0.4896273618505034,0.06538659190733376
0.6460890464282443,0.8110802552931944,0.5005893243903342,0.35674094585441074,0.9660501326356379
0.5448823138592486,0.2500886919332448,0.8653619634640567,0.4381307086654421,0.8597032902872502
0.33471758103912663,0.5132512464462587,0.3768597170106811,0.8493462815021737,0.7625921601973793
0.8782946318493983,0.004502872326031415,0.09936040669134005,0.1158885973906778,0.009254699630500629
0.5027299382448336,0.6255724168497667,0.511094169198429,0.2929541650697952,0.2538259606124106
0.7133357761163044,0.9280448456224022,0.3849492723116339,0.16249499264274458,0.7644747143187448
0.08736315337750078,0.14708224052939622,0.5409336517990289,0.6025224114121792,0.8987360371836195
0.9049384387466209,0.07466899248579373,0.12898666393321068,0.36313565597251696,0.401553578495382
0.10592354330951681,0.1807713270834609,0.3619063670721695,0.1593551563477711,0.3499136145142633
0.7585155402384902,0.9138055125457765,0.8213440423059863,0.7695044351178616,0.6913620101371567
0.03551990608543221,0.4728059938228435,0.3143379419360848,0.2744815137179488,0.03579438297864801
0.5419595960759305,0.18024883559523974,0.5445053230586152,0.9292156621390563,0.8417680553305051
0.7194073024807005,0.3492498146095375,0.6765139747627157,0.47920871293500256,0.3916323672852229
0.08197985223138626,0.94172654431298,0.43434193401963794,0.31690518331146766,0.772863005475518
0.9513245794175232,0.49389771106228686,0.5884191415393412,0.8165715457126466,0.5502356703152529
0.6376000139700452,0.9524244767591243,0.4482619711677208,0.33496115213648225,0.6355202411387517
0.7184221353898868,0.3825144065102082,0.5369617104248443,0.8127107694406476,0.7462716392047432
0.50204386158301,0.611632794490094,0.8995586899343443,0.5426111326717644,0.9657890856143468
0.878094098661167,0.8745338009294084,0.03984063935291737,0.9911350971131649,0.7882195926078599
0.6772815945500376,0.3796397102615412,0.4418365604827992,0.34424362759063365,0.3950526118312535
0.7359569039231979,0.658378869626443,0.2977487797592002,0.10460440289847517,0.7196857255676317
0.9084817443689965,0.5720462834705317,0.7699005056855658,0.5671032241708531,0.7903842480808191
0.7147219222845351,0.07516986763043942,0.45425193397590136,0.5968523176352695,0.9564857725323278
0.4508368559444468,0.9650885650079467,0.4819468834110091,0.16978065575166013,0.587719585296273
0.6747618397321614,0.6803996767034579,0.1760191884713289,0.4414890320115117,0.480597021873304
0.1143181891168833,0.19425028659432464,0.3762124491985631,0.7119525009603144,0.015573267080459474
0.2915548533579372,0.0016180064764776958,0.9739578185054266,0.3528574528203663,0.9415947434694754
0.7181239323493437,0.8031482527307333,0.7409702387667926,0.10611798476595313,0.17083379783481334
0.9475356185430842,0.4193173931533448,0.6012377664961521,0.489414554722574,0.4283327622885178
0.9919145785969986,0.12125002795984197,0.7200959940747257,0.5709678082981204,0.10879285843419706
0.8891545728456876,0.09095669974123055,0.32237944642927074,0.8920725276080999,0.4897928471770502
0.5293741670187712,0.3296139178548245,0.6272537825498001,0.9921497220744193,0.5183367752157482
0.7760587954193919,0.8664897130833479,0.8427487010600632,0.9349678506251442,0.7640990700911668
0.4769349498370198,0.49552385556582745,0.8231054003226199,0.0771577594039804,0.5581788054188541
0.8245776832691173,0.5949679095279317,0.9547377840812608,0.39788438058205333,0.25584837186452347
0.8146112868105972,0.648163474877188,0.06088304421010271,0.15167775498146885,0.5439805598288818
0.6765234838670885,0.9044075303415744,0.4054299393951173,0.43052689260316,0.532245446514583
0.260277658831531,0.13752520062548457,0.10925380026501652,0.7523530256179004,0.01640054082233844
0.9286793309761964,0.5178299996981649,0.48330589070554475,0.6469793294486731,0.4590082735513643
0.6008224311527943,0.6305816002770223,0.13881936454010113,0.5192754132770492,0.6731639845176285
0.7545012920736309,0.5074904043153682,0.6511466033964185,0.8102232240818936,0.6168622848215817
0.5617996583736407,0.45645639957065387,0.8376961967317226,0.9449002023493187,0.6717838523694489
0.3579890247819254,0.4582840355896163,0.07861883709004192,0.024626797117092147,0.7711704850212798
0.4593765675942125,0.1328906325010396,0.7574452811601021,0.6767828371556553,0.3149377146589265
0.9033617268179962,0.19909233236027524,0.6958776162331848,0.0035164352288546974,0.38760767353688297
0.6603102968869266,0.6201174272687062,0.6846604290540808,0.052180004252365575,0.2685545048589246
0.6026115552477912,0.5398817132559242,0.09147187660882306,0.9019789812885997,0.5393987692402293
0.08833909260276729,0.6225062704149649,0.21342505823959557,0.36669145870111886,0.7031095439666735
0.16611797875196155,0.817830744936912,0.5558974971338037,0.8816931890612788,0.34516196168419766
0.9439942293086369,0.8818811654782581,0.9592865080765851,0.07731998211337476,0.5272962131393607
0.16079740686281963,0.9123073666373895,0.03667554033793108,0.18489725780570976,0.8341388978788443
0.47492997923110614,0.6813947575709423,0.5637793543568188,0.3592981701004403,0.42547203263452504
0.11543372310808953,0.9366706232646886,0.04661548367098434,0.8430250642474691,0.4091445892976662
0.6057403852839529,0.8611137871150798,0.5986708660132355,0.6365215997314315,0.733129170052012
0.28538196460957976,0.8774719170836845,0.8000829272137112,0.8498120037408846,0.12472447003250764
0.12153514791012388,0.5632671416477674,0.9541994266527732,0.6258627664128902,0.9647187857563969
0.8807550054694365,0.23942341774516485,0.45017230999330227,0.47850003402170704,0.48043916339967907
0.801940023502342,0.7998021329271202,0.09974886761648272,0.3866017009271686,0.6590658849883523
0.7543787194081217,0.9119200551845933,0.5495183712682907,0.30422437015769355,0.426756590004431
0.31380937076891846,0.7184426947708568,0.6371228523765516,0.1401324577750287,0.25391391074873393
0.5223168426299705,0.44006580830607966,0.6510748185381168,0.5639172064714071,0.5531112002588251
0.5745421757646048,0.8295239800450886,0.06808055307323102,0.4791485165796944,0.6021956266884282
0.7124217916398153,0.6115527763351967,0.2706400940945415,0.06443806056632084,0.8669385541825437
0.28468354940628093,0.23808860673710042,0.14615904667396118,0.8220135532379036,0.27463254274035687
0.01246879124556588,0.394477696503716,0.18752844501369015,0.32565913547355263,0.7208405780405159
0.7137242909756797,0.004164892705288192,0.3107343649110944,0.47614935068135955,0.024781496348481924
0.5550066158280882,0.6380626400451858,0.7038589491819907,0.8014733457709202,0.903621839590021
0.29155182886681796,0.5347031719225721,0.7160857113062962,0.3713780207736467,0.5466104064227293
0.5953717656886767,0.057964869296110555,0.6448868597654115,0.33380700235311267,0.36218025216771477
0.7646493244930076,0.2733587803448655,0.10321999606722898,0.49401422581576604,0.6814355629736959
0.9658865292274157,0.15612899404726677,0.4616136740615395,0.12311188635607284,0.7231618031102764
0.7862749880068287,0.4138880839903063,0.3462835529998203,0.35007134531171125,0.05394986874185381
0.4029643111163088,0.3331452129704474,0.5433088832686772,0.3601283712774386,0.7521659357725213
0.6427532522081453,0.22284797184864535,0.4031107523951968,0.6916031305212365,0.31721508806944376
0.38845581682851094,0.8623742142899842,0.622249902732367,0.5694690405597396,0.1796269740642884
0.9976627144320205,0.3427887694850891,0.16778508203791098,0.6636262415308646,0.18998821940130084
0.22395628450071337,0.37984263669675566,0.474476678029657,0.9340869342798408,0.5292302181938955
0.5603422585151657,0.30177769869817794,0.5400105285057523,0.9545959143857781,0.9665363109870065
0.7154156758040346,0.5421875638138267,0.19424290308838765,0.22195582506922074,0.12860389450997944
0.18490785631581685,0.85337197691128,0.5635883357431096,0.7864647077151262,0.08278714674318877
0.956186503553534,0.21061030455644403,0.9728851686564159,0.42181650679524885,0.6024876722978179
0.6956136384377191,0.5522851884422139,0.7380454708322155,0.9621643145743171,0.06216001879848221
0.3298965028747456,0.5255608498546575,0.7970824239046869,0.2537176431825191,0.21882541455371252
0.15725353006151055,0.2776089351773542,0.29847505113042794,0.5719242246449256,0.7292026207502209
0.5916243125836603,0.06489765415584448,0.3948322477821381,0.7116910645059796,0.5187182234927774
0.9555420102763075,0.3522060734681697,0.29168212240679847,0.08632045015672818,0.21741162796253066
0.7945116005586516,0.2823106833215848,0.3032116213823227,0.448737315866398,0.8392180738597007
0.8985458021045348,0.3070896686100715,0.30610191013973653,0.3250183110540774,0.9731131127078992
0.4954041466034793,0.893617894409844,0.004750679407410474,0.7789665323170155,0.33889548735248387
0.9104840096884982,0.10183548833511757,0.6418433331685466,0.4353698718862439,0.8652147078146407
0.09354187266387115,0.6851461308078876,0.2103276707628423,0.3585533793382729,0.1455185120000868
0.028413551877428,0.9823788850152858,0.21272138773621319,0.8845940899665247,0.5534060259520046
0.675744009374644,0.18655362820944754,0.779415240994534,0.5788523935280384,0.7595011641010999
0.7901304307778848,0.2590968050508704,0.8470042095360465,0.1453101216531415,0.8696779021678296
0.21967928857456043,0.23199425871391854,0.5485608809723711,0.43286177325034614,0.3783834760385093
0.6994473115589679,0.6132530981756953,0.5058683191833984,0.8266574288767964,0.4238484348437529
0.18880215786585275,0.8859186263046381,0.3103304583487949,0.10236830021078769,0.2293644433700519
0.6010327179519751,0.4666473003432162,0.014287124262692852,0.9634661749268074,0.8304662333108266
0.9129726341746297,0.13238853760170366,0.6445092991999692,0.8266827818628362,0.8022015704974207
0.47277818462169297,0.5605334064466204,0.9084425391798222,0.9489742677253996,0.23814894975746637
0.6722480462664863,0.7733472886883,0.31828586651367596,0.7958197826354859,0.19974932523222566
0.9757823924418745,0.5249789770109371,0.000945541849917797,0.8719336922103801,0.05951048012978655
0.696961639922539,0.8972010829864022,0.5579735367471371,0.5643530915437391,0.9646629534118548
0.07573155168207735,0.602896479641075,0.017215190124661883,0.2392803104086867,0.25836715572470337
0.06373975822548716,0.7960024182815745,0.49195701067562114,0.5417990017788333,0.9404290755525048
0.95710739131128,0.7074252954373003,0.5203931806177609,0.16123712341670893,0.5396564281095854
0.9491173255184837,0.6420897127432484,0.7259734817523251,0.5338726002745889,0.21480369840009617
0.07520672071461787,0.952816611679692,0.8006635669463726,0.5433391807456861,0.05670977907393371
0.4590562474467226,0.4390692169827839,0.18766917926362925,0.6096982561802543,0.8642696408585103
0.6377941750043707,0.021354867773725195,0.8393187820439421,0.624134328024776,0.3484773261517363
0.34936327391947064,0.3114441300026094,0.5661573722296829,0.7569066972865557,0.7590169572849822
0.7632132126038945,0.6779771251704072,0.31636248200691885,0.3605637437445812,0.5473138789055222
0.63042230263717,0.005457473368828403,0.5009028725522263,0.6897899852043756,0.43750837873514936
0.12982247211353615,0.03562125535912253,0.7528279861985998,0.45624552286961373,0.930668080946814
0.37521557525902116,0.08881232953287665,0.5929857438464996,0.7516665980822606,0.6552853729718897
0.45519470528605954,0.6513969726197745,0.364171300330579,0.5770943278402899,0.9804749718608424
0.5209831095624358,0.839928829896247,0.8381406848826993,0.6435808421760754,0.16579491050210005
0.4571689396206443,0.5498471216230149,0.22439712950161705,0.7134619956128467,0.15225290041182016
0.5953100410759405,0.7842357001522371,0.5359281594009562,0.1209723481426469,0.29377481930689753
0.4944432380101095,0.8100139446055825,0.33389048101087404,0.14004211429961289,0.8460378919475967
0.5403830182467353,0.422204828646363,0.7167559638810211,0.6482002083056001,0.47428385011164065
0.6223490408612254,0.7664325631591237,0.9148984098693007,0.7599396960532054,0.5230458493803077
0.46058824147016386,0.3607533396433197,0.8441771442739775,0.6542697321468253,0.18180495738038138
0.7355416322482148,0.35642385763908124,0.936290140809917,0.7450434780722756,0.8484624665156013
0.2475533240583031,0.7519190482557007,0.3178722542798206,0.8673210556924308,0.33839467409508783
0.15752483182680832,0.4899826400172116,0.39501300500517544,0.95616813042015,0.8628193717363339
0.41489633173135365,0.5037365118650186,0.3525762905626938,0.7946016508546521,0.6742226184833993
0.4759884881399732,0.9785838086716306,0.876867523687426,0.7582029833513273,0.4141795847658083
0.9421455185302035,0.05718038078706267,0.8555504422549703,0.03716041850705887,0.299701197824047
0.19339411428641906,0.062205566495512565,0.8978084518382196,0.7822037795324027,0.4444565234857253
0.6548519458992976,0.8741453353381318,0.7572569745446118,0.30381272497659395,0.28947681762955413
0.41670981309202804,0.5986102532181242,0.41677921465024703,0.7328376015046746,0.04001889946238513
0.9442877201538784,0.98047577799969,0.8187534201938341,0.32779096285589027,0.5716712046962923
0.4933335893886861,0.5358146283289508,0.3049580393259429,0.4095816245755636,0.2604027087935753
0.5990438830882007,0.8248704016610452,0.6100309231600828,0.8960594230741586,0.20887527010918605
0.5758140738268896,0.0002331149531933363,0.24854562762242804,0.9626893920662308,0.4405019457763666
0.3856636333042436,0.4195777102553505,0.12339590266587308,0.589659565897813,0.3127736683658767
0.8345080085650306,0.5827299678690183,0.1459338106320156,0.7995326189196242,0.5647964187108564
0.319759835829312,0.5575228111834781,0.33685825517472834,0.7464957329373374,0.8462489436709387
0.037279363469937876,0.05479022393115962,0.11450869827628252,0.6524224408055479,0.46214013676965615
0.891359590366837,0.6445167003847693,0.733049526618049,0.05874613515633886,0.284281021685571
0.9294135582264101,0.4282255171322016,0.21490809373698572,0.40430116582818054,0.2799398906086096
0.9238346717381716,0.905864100044302,0.3294841622693899,0.7356859213436165,0.061917722683421994
0.3956750599326496,0.1653982226118461,0.08856267699946418,0.18574817621620943,0.42083583884235654
0.5937939598596312,0.025031456857399825,0.2500800747039926,0.1836548688925398,0.9364700936920279
0.6854687911891373,0.6549476720882976,0.19662901901001795,0.9081740989720881,0.3462373287497206
0.6386841213242967,0.3011315988619726,0.3023773145207733,0.41309247969405083,0.24718755925754465
0.9858879209732966,0.9375027192912108,0.7669417258518638,0.5712079915159515,0.7625662021884415
0.4479900083417,0.4038647393168747,0.705656973760031,0.9894051135717382,0.0937809628699312
0.9353890913212757,0.04842541070120776,0.4045332564439047,0.30050780849854253,0.448599274252778
0.2581810550759328,0.540783811468438,0.1721746168968613,0.5867396540846455,0.4160891894368035
0.062329665898708586,0.5926324186437129,0.5550119881231116,0.8970959954109257,0.812290005346204
0.4885314756416965,0.20214204119828583,0.9432163696187339,0.10070150791500698,0.6857720491706943
0.8877399494873454,0.0659448454980619,0.7457097756909281,0.33914310376602386,0.17419490822397954
0.40505368650069595,0.24963800957971205,0.03893205900351382,0.6614762567558089,0.4638146170198435
0.7045417589150774,0.2660253476407426,0.8553693973246322,0.708636286182071,0.06653501572752174
0.08571222866535999,0.1153141425313643,0.7967087158381657,0.2536838068843593,0.10996180520813692
0.06586789794407,0.4057331205645759,0.058086465839428225,0.027598955305726314,0.36758404920881527
0.06330684333196357,0.3335056788691043,0.46812049152211554,0.2668238423508271,0.9604250563701987
0.6182603594855905,0.6751555955264593,0.06655115933646483,0.829441188697664,0.7678547809401339
0.31047193197735357,0.30128846612977445,0.3986571929462108,0.6380163427965525,0.5502953109210272
0.5734274078640911,0.1614578822638847,0.8468280041996733,0.024585937472571873,0.74112789658744
0.5117217726066949,0.8607738068355506,0.8455097827101475,0.6543148118627686,0.2830609590132839
0.5542382046658337,0.032581727548975925,0.10964186556248634,0.06209267313962097,0.25124783043194254
0.3826777435013464,0.0029570736946602505,0.5372071395704279,0.022649718636054916,0.739792483871571
0.9965480092409479,0.1890927710837289,0.5879879731889278,0.09332661309011392,0.1485968941267123
0.8840698709313562,0.8781470269758377,0.4336917162797249,0.14138551532966404,0.21183308153275393
0.5941123766851062,0.6800112521153171,0.2516116361872279,0.06295360968333952,0.3128891643483702
0.16572521995954703,0.45324966104504705,0.5829966372403771,0.6942109443940429,0.6700915960840049
0.831992022143969,0.5080463677856651,0.5701919993435602,0.1644236781118079,0.6953732730788605
0.6722596880071464,0.5651300284857728,0.8882678514346102,0.08433047417804107,0.7189919659865553
0.2294464051193309,0.12100728334583277,0.48428632148099815,0.9583655083874983,0.379799271115719
0.5467840767305424,0.03540661598976613,0.8954147635385874,0.09343229458315538,0.18608527886496773
0.8071479968254484,0.22925684201350083,0.4195275059639282,0.8495300527999954,0.1107000871148931
0.5556109534922102,0.38545846260580274,0.7779436296095348,0.59248768391895,0.635004360812196
0.6367857577488429,0.6331524758932163,0.3262712420990459,0.8557544953042481,0.855234265860246
0.951555429782037,0.08556789758244099,0.050561258500151696,0.5890580800529989,0.9317056474231059
0.723050639574071,0.35936202300380715,0.9765342857257846,0.9671867026766309,0.9613989966438871
0.404870304215199,0.7179085870030867,0.6794543166114991,0.5967231427135942,0.9357143353752957
0.539375024042263,0.6145272734544749,0.5210650354867745,0.45382611604678513,0.034695889077747455
0.152139123688682,0.26421247419440996,0.7011441524438876,0.37078985836724787,0.09745090161545289
0.10202603345459782,0.3860791159402823,0.6796376085018786,0.11581608997747095,0.9319092316319338
0.13025393042941624,0.8704570590224502,0.5683279623443772,0.4931337752296283,0.4867528180295322
0.04362903089008774,0.2591460695205887,0.25939812654439465,0.6559444921811544,0.9414877479785229
0.9962015383857201,0.3813753385090086,0.8773803514697014,0.6152871490898871,0.019415109985501555
0.23305005620115538,0.12245451461327028,0.5553901772145623,0.5858657770084073,0.5495343893527591
0.07518124873547694,0.7909014449360866,0.8454566460361626,0.9338623323957964,0.5630832867012813
0.060030957480473934,0.1549020799238059,0.5376300257876683,0.5278914512018968,0.16100313347985828
0.3803324667303477,0.8415176074236642,0.29589664626336853,0.1548316815385996,0.9845912254277268
0.1349375459562856,0.3567258014197019,0.6534638085130103,0.8462009660312216,0.8651687295160337
0.8387526246349821,0.04600626162295063,0.18686025787008131,0.55299855643185,0.6905809443497138
0.30737296815003945,0.3313530119140683,0.06485548391035267,0.8874480226046999,0.5212629451219194
0.6209503781622451,0.7812868391993206,0.3028563393229553,0.20231282074083523,0.22759684503548194
0.58887444084527,0.28878670576065957,0.05270920324503747,0.6673290190275178,0.8140912896692342
0.6657029321393201,0.6682365631682667,0.004252724908286432,0.4453435843716044,0.5425962129340768
0.28453093908966354,0.3092797569464485,0.4187832709667977,0.12662104545232167,0.49279173559715306
0.42443332997632377,0.9036407177066678,0.9739266750007466,0.9518044320040308,0.7856043269881642
0.3035834132202737,0.141822893372215,0.5356051674419529,0.35730365645454176,0.3494411249056455
0.2574427647220716,0.8666097049667536,0.31988554240862666,0.29658728380233657,0.583769815570592
0.478095105612526,0.5801353924919592,0.16779772001827098,0.42310961943712144,0.7174805659805181
0.031739205800859094,0.7170201199978902,0.7224557421062238,0.6969696572966095,0.6346916570759534
0.15359579817138547,0.6626178202024902,0.582850640809898,0.6782971450956577,0.7745225145976472
0.25959598398860395,0.35722967733178157,0.5366132397723812,0.8611306592538304,0.7937433741620997
0.15527390735001623,0.8630187951285577,0.057471964959888044,0.024852618401896676,0.5848195384264557
0.3632594438315512,0.9057483217873226,0.8928285150256854,0.9201624699279974,0.8216511788335042
0.972428335184894,0.49699527642318764,0.6811416287465966,0.6319765341843612,0.9557295259337368
0.05313670418612315,0.9547100156993376,0.47886235684167366,0.6855075972593785,0.2019738901615009
0.9473167192298407,0.7656428269123015,0.7881130706538897,0.7053800338577949,0.6519096033296632
0.11612627897378935,0.34401005076895863,0.5985534347272392,0.3631344214749913,0.7134876046899244
0.9262140749292765,0.8921424992227619,0.624083000207891,0.4096875257470881,0.5121954476722411
0.5256125218598284,0.0425167574950468,0.5247890168755419,0.41690293988353055,0.5491487868028249
0.04050562278990866,0.6487780445798252,0.4628905300834547,0.8128300714696601,0.209330845485046
0.09163895172084324,0.9489903826486026,0.012569225442708554,0.969852509112237,0.5838573479985097
0.5091063389656515,0.8412046173441062,0.27632551904468805,0.3557013951453796,0.2950978272448985
0.9382002336398206,0.8637591606277861,0.5470748289399701,0.6081894703324686,0.42798699252255434
0.7698870432472524,0.7338774074313072,0.08040942930428707,0.8940637134364964,0.2974150713472291
0.6968611495058987,0.8394341151808022,0.02512254501325284,0.7733134599684162,0.5711819964234495
0.7441489458152007,0.0944005404835101,0.5074712229648992,0.47601379577395586,0.740378041433465
0.7184768563432308,0.12284152542930649,0.4199330818137864,0.04363481928091084,0.9255786895877547
0.5265777142557165,0.20690682085438972,0.6748678770049827,0.13035279613064177,0.32043773976897005
0.0364815431083747,0.236591001155942,0.5651928325192881,0.9275284145621825,0.43174202857442756
0.48187210465849406,0.5738197953213556,0.5012094916075378,0.9546393081079008,0.7098119346785468
0.04680170970348385,0.30796154997959446,0.019595572514016557,0.2880900589420925,0.5292570321965508
0.2599490479425549,0.9848972880713308,0.35332933433518887,0.5071934540785437,0.7740854124284753
0.9163269497187709,0.5919584769561778,0.07023800452660633,0.9504725175297257,0.3214741568006677
0.2643611120125604,0.33540692992116594,0.18483191086744533,0.9072745984017729,0.645884816444876
0.8111130169408939,0.718473594699781,0.5112763139737972,0.1604007517585727,0.2276403779303533
0.8157341183965235,0.23717703173396865,0.7143922295866095,0.19737517609645827,0.055760557603808714
0.9440899683304549,0.8977872886635574,0.7925107731896751,0.03919106788902449,0.6367987245866908
0.9062692098839517,0.48045582562655753,0.11166764519078343,0.3022752003371991,0.6519552522797967
0.8879570589821802,0.6964054705989392,0.22729198535337003,0.18131581720426793,0.3078936782130911
0.49097047046527453,0.9244062813369314,0.2648208883104026,0.43533856590312126,0.37041910647645526
0.680463127340242,0.4172756532016242,0.9299545102748171,0.03135092552394447,0.34994660903493446
0.4408498347854697,0.21556534815556694,0.10904826107435239,0.82601011311655,0.5645212860149714
0.3975632357931429,0.7482906822519378,0.9464115570032865,0.3529094199078622,0.14668273638432072
0.6521233627200539,0.7048043069348038,0.1355466818310468,0.5942622666227285,0.21986383867874393
0.8523413928557997,0.1728156766472715,0.7466428201897283,0.5050682741656521,0.9883392040236691
0.10137119244933912,0.47048353583085534,0.5053286536160473,0.7327983944302718,0.525146809909061
0.052029356548148664,0.7793928247101817,0.5529270399194584,0.38294831749627645,0.36750536702882297
0.26184621095785865,0.5231211657277305,0.16354113484677968,0.8928244241208604,0.3819480133800026
0.608665227005989,0.8353474802713176,0.3807233217267003,0.19274812266923125,0.6387439258740456
0.18111286690566364,0.35085499923357355,0.5059342849593778,0.20366288430296486,0.01970359738841576
0.015046047951523311,0.34028456219060965,0.1273867356521884,0.4792986623273371,0.6933869944753149
0.6834690545735916,0.9494442880943061,0.45607345329124116,0.44901989993297486,0.8902048731626939
0.27773821533640963,0.7874619822791995,0.046051501289130825,0.44649548394251204,0.914585227039731
0.20446675401433057,0.6124236393012205,0.5254799011559562,0.2775286693761143,0.361257360268444
0.8222160275470237,0.7054515520471324,0.4946331780915205,0.14997466450743446,0.1851465064776182
0.08923215301208198,0.08397926114185439,0.26583962721390064,0.6050499242025291,0.2278501999266781
0.8677961027719748,0.49436483903100603,0.2617821565215691,0.05218618027835342,0.4817817568817365
0.45928085999190926,0.5281158128935127,0.05066845440145029,0.09200831469395443,0.12551025820276596
0.2756286532690464,0.3263405876381077,0.6446448126163123,0.29306357412901485,0.26766767830933347
0.8917527356976767,0.12060347437760321,0.5253156432857782,0.15844059115248232,0.8947838926335836
0.5004683778969219,0.07596934781668552,0.5602453664123475,0.3236901817863762,0.017001580471884603
0.9050944963980275,0.20324176399502936,0.459688344623006,0.7858427793387526,0.9213546980865425
0.38172176453044615,0.5564521317395917,0.4661641276860716,0.6730791182149627,0.4467732303976829
0.6641855440233267,0.1883201283778253,0.8054626240182103,0.8947387872212481,0.20987330715808827
0.34981877866200195,0.20939508310871568,0.8159844033663082,0.8423992042961709,0.636273630851113
0.5857853794887296,0.6743170987006663,0.892883932487588,0.258383881134412,0.7580796790032446
0.29797396045412494,0.73321351080696,0.6473537368455695,0.6487887156767429,0.6162813134844709
0.9150452662108992,0.814151020312736,0.5566761311289906,0.5235767379740172,0.5096439879061342
0.8148759525532727,0.6827890467515533,0.29674243237336373,0.17444930148790427,0.21342830729939388
0.9828639410214915,0.8668884515334645,0.24880152171003078,0.6591786382944029,0.4368566929526766
0.7135297852174992,0.6878466072006758,0.5596546144912394,0.27175656176406393,0.4386236012857121
0.5467870565820622,0.8012380857671577,0.6668423072363914,0.790969387166147,0.43939668111160257
0.23652232269291684,0.5144381108748707,0.8246643511547215,0.12255602562569068,0.4474731153435798
0.3413092735671589,0.8083745465519012,0.3278026961673022,0.1696688267456854,0.17370358599220181
0.1273291435225845,0.7599832502957924,0.1127887120947223,0.6691029138349281,0.03971607546542821
0.803047107288925,0.4654342973296678,0.5689195715618621,0.6153113236018776,0.24825365243436748
0.9186740203962156,0.6688032970531613,0.4397617988797473,0.05334053884738754,0.5403232817058266
0.7534098349591801,0.49567871886715154,0.25482506840452523,0.403091569063152,0.2883558911711912
0.6266050189046307,0.40675660356811216,0.5020945962060157,0.9994847844895165,0.3620842104086276
0.2955507845866374,0.8908109066808321,0.08010516491712372,0.2384851301385844,0.7737553916897563
0.9329482268488563,0.7251493822826808,0.5144131157596065,0.28519657061674175,0.4506028226391924
0.38123881407691307,0.40992631372013055,0.9741014516593016,0.5584269710945733,0.9849250912903209
0.7400944987723557,0.8862514945544862,0.6678403427567785,0.312555331619202,0.7680982315224462
0.7014114325971422,0.668425201719545,0.4319072790308982,0.5965281351521667,0.8777773292014794
0.29997589223098586,0.5261405419935993,0.14135599174253255,0.8543510241727919,0.5479370950349962
0.9957435758260065,0.2768959969717215,0.8979337573521756,0.31686772601547997,0.5822376371524656
0.16890969534406697,0.24790205571093926,0.02060782112564874,0.2305665009190475,0.22650622890652028
0.1961380217933627,0.2497058993336594,0.11245891755500526,0.33748922501260825,0.7372224813694769
0.18003574726197558,0.43124621118937656,0.7217384315166181,0.09038074938275698,0.1435238592099488
0.988983287100897,0.4259893309768399,0.8691154705477268,0.26860998546724957,0.3917672367877054
0.9807476486722445,0.0688294778504488,0.5904308201635238,0.471972363317672,0.06528090876128134
0.8463442393165225,0.06519077190028455,0.17876823959283528,0.9081803500468992,0.9084714544785818
0.6999106311160397,0.6625474235904962,0.1741541213610075,0.1615899424694992,0.4123878926384581
0.38884828235142976,0.4224947011821726,0.1407288310790341,0.5430311626765616,0.23677499036937177
0.1642470143157897,0.4550982220848041,0.10901763038284773,0.9920706315813447,0.9900825012965571
0.46635865310274294,0.1607171764178733,0.9031028842294594,0.7186011355301999,0.60557338843402
0.7507009293375771,0.8408793382773745,0.664839892472897,0.9771365581637422,0.9071339509050098
0.6196339070470103,0.881480212896227,0.3350041411988889,0.09157971077776639,0.5614912896757671
0.335480423440775,0.8628470530008675,0.520219640456602,0.29928046038584244,0.02564440118542821
0.3637827745642459,0.7810834248566721,0.8760761350291334,0.8879603071909654,0.9134397577767387
0.2794231026948799,0.13556866202908613,0.1046348254602606,0.28165563875686905,0.9717360364724337
0.39684981359121274,0.15225739730258314,0.40287108435343233,0.9060447482828498,0.5914129524350343
0.9070998643788873,0.051459656220417926,0.613725773679699,0.8652004995033392,0.08502971832311723
0.5973220662201565,0.7426437156895274,0.12536219477528399,0.5677503431713498,0.43909559499679496
0.36423001857892845,0.3254785706155007,0.4195628091828907,0.9010569756131104,0.3452520028732876
0.6067129433774889,0.11201686398433186,0.6800758551195669,0.5337844938069732,0.6639980684314022
0.796663420998062,0.15085684044597225,0.2443751385272973,0.6649055425636803,0.5722395864844969
0.7693770669678085,0.4832725571837706,0.4561673004326232,0.6671318027791698,0.19991445058393464
0.7265642147058207,0.39731333953148806,0.7481448551707893,0.8714462403178574,0.11522461709964826
0.46743908016533464,0.8377535649243997,0.4905162473994047,0.023175897340151463,0.43304763684032965
0.5175574490828773,0.8692541216766665,0.12397380415122627,0.2697536058233142,0.3208663941281693
0.44512684697557203,0.38960431116109595,0.19978590047410127,0.010353302733245306,0.8683209922418516
0.47275300445096746,0.6999494111562816,0.8550699420292607,0.4848961881112339,0.39202856426515376
0.24466341766277744,0.03147354298093463,0.18665543826797404,0.6680694611332175,0.5751566499591586
0.4325804231780791,0.7980999562564546,0.9982268341606736,0.25558484897416944,0.5423830247090095
0.7721070968778991,0.28227696182075457,0.3329694492684431,0.9016563554730846,0.6235477048781951
0.1050515505712809,0.7176391880516607,0.5082625650549389,0.19481390713427427,0.32078514505448685
0.03528567280397954,0.8507919000265176,0.7359594013216102,0.6091912141860271,0.7456990552766525
0.9276256925405684,0.4448625793257429,0.8804993374638288,0.3557790142482742,0.4518625769879465
0.17641504510604333,0.23947348225844678,0.2199323827365547,0.8415419283370407,0.8348995516544658
0.16331451237617844,0.056800756105551464,0.06571107425924205,0.9889876196651273,0.4099831659807859
0.2237552898525863,0.2825486728209956,0.986696261338819,0.49286771346318203,0.5976642905386876
0.6252175149648301,0.7798729994529904,0.04107201921246417,0.6355995692493125,0.37871823570867313
